[{"model": "admin.logentry", "pk": 1, "fields": {"action_time": "2022-06-04T13:14:24.160Z", "user": 1, "content_type": 6, "object_id": "1", "object_repr": "clothes", "action_flag": 1, "change_message": "[{\"added\": {}}]"}}, {"model": "admin.logentry", "pk": 2, "fields": {"action_time": "2022-06-04T13:19:17.264Z", "user": 1, "content_type": 6, "object_id": "2", "object_repr": "Footwear", "action_flag": 1, "change_message": "[{\"added\": {}}]"}}, {"model": "admin.logentry", "pk": 3, "fields": {"action_time": "2022-06-04T13:20:41.533Z", "user": 1, "content_type": 6, "object_id": "3", "object_repr": "Jewelry", "action_flag": 1, "change_message": "[{\"added\": {}}]"}}, {"model": "admin.logentry", "pk": 4, "fields": {"action_time": "2022-06-04T13:22:18.000Z", "user": 1, "content_type": 6, "object_id": "4", "object_repr": "Perfume", "action_flag": 1, "change_message": "[{\"added\": {}}]"}}, {"model": "admin.logentry", "pk": 5, "fields": {"action_time": "2022-06-04T13:23:35.308Z", "user": 1, "content_type": 6, "object_id": "5", "object_repr": "Cosmetics", "action_flag": 1, "change_message": "[{\"added\": {}}]"}}, {"model": "admin.logentry", "pk": 6, "fields": {"action_time": "2022-06-04T13:25:58.416Z", "user": 1, "content_type": 6, "object_id": "6", "object_repr": "Glasses", "action_flag": 1, "change_message": "[{\"added\": {}}]"}}, {"model": "admin.logentry", "pk": 7, "fields": {"action_time": "2022-06-04T13:28:43.640Z", "user": 1, "content_type": 6, "object_id": "7", "object_repr": "Bags", "action_flag": 1, "change_message": "[{\"added\": {}}]"}}, {"model": "admin.logentry", "pk": 8, "fields": {"action_time": "2022-06-04T13:50:15.083Z", "user": 1, "content_type": 6, "object_id": "8", "object_repr": "test", "action_flag": 1, "change_message": "[{\"added\": {}}]"}}, {"model": "admin.logentry", "pk": 9, "fields": {"action_time": "2022-06-04T13:53:05.910Z", "user": 1, "content_type": 6, "object_id": "8", "object_repr": "test", "action_flag": 3, "change_message": ""}}, {"model": "admin.logentry", "pk": 10, "fields": {"action_time": "2022-06-04T13:53:05.916Z", "user": 1, "content_type": 6, "object_id": "7", "object_repr": "Bags", "action_flag": 3, "change_message": ""}}, {"model": "admin.logentry", "pk": 11, "fields": {"action_time": "2022-06-04T13:53:05.921Z", "user": 1, "content_type": 6, "object_id": "6", "object_repr": "Glasses", "action_flag": 3, "change_message": ""}}, {"model": "admin.logentry", "pk": 12, "fields": {"action_time": "2022-06-04T13:53:05.927Z", "user": 1, "content_type": 6, "object_id": "5", "object_repr": "Cosmetics", "action_flag": 3, "change_message": ""}}, {"model": "admin.logentry", "pk": 13, "fields": {"action_time": "2022-06-04T13:53:05.932Z", "user": 1, "content_type": 6, "object_id": "4", "object_repr": "Perfume", "action_flag": 3, "change_message": ""}}, {"model": "admin.logentry", "pk": 14, "fields": {"action_time": "2022-06-04T13:53:05.937Z", "user": 1, "content_type": 6, "object_id": "3", "object_repr": "Jewelry", "action_flag": 3, "change_message": ""}}, {"model": "admin.logentry", "pk": 15, "fields": {"action_time": "2022-06-04T13:53:05.943Z", "user": 1, "content_type": 6, "object_id": "2", "object_repr": "Footwear", "action_flag": 3, "change_message": ""}}, {"model": "admin.logentry", "pk": 16, "fields": {"action_time": "2022-06-04T13:53:05.949Z", "user": 1, "content_type": 6, "object_id": "1", "object_repr": "clothes", "action_flag": 3, "change_message": ""}}, {"model": "admin.logentry", "pk": 17, "fields": {"action_time": "2022-06-04T13:53:31.072Z", "user": 1, "content_type": 6, "object_id": "9", "object_repr": "Clothes", "action_flag": 1, "change_message": "[{\"added\": {}}]"}}, {"model": "admin.logentry", "pk": 18, "fields": {"action_time": "2022-06-04T13:54:43.240Z", "user": 1, "content_type": 6, "object_id": "10", "object_repr": "Jewelry", "action_flag": 1, "change_message": "[{\"added\": {}}]"}}, {"model": "admin.logentry", "pk": 19, "fields": {"action_time": "2022-06-04T13:54:57.254Z", "user": 1, "content_type": 6, "object_id": "11", "object_repr": "Bags", "action_flag": 1, "change_message": "[{\"added\": {}}]"}}, {"model": "admin.logentry", "pk": 20, "fields": {"action_time": "2022-06-04T13:55:14.296Z", "user": 1, "content_type": 6, "object_id": "12", "object_repr": "Glasses", "action_flag": 1, "change_message": "[{\"added\": {}}]"}}, {"model": "admin.logentry", "pk": 21, "fields": {"action_time": "2022-06-04T13:55:36.658Z", "user": 1, "content_type": 6, "object_id": "13", "object_repr": "Cosmetics", "action_flag": 1, "change_message": "[{\"added\": {}}]"}}, {"model": "admin.logentry", "pk": 22, "fields": {"action_time": "2022-06-04T13:55:58.579Z", "user": 1, "content_type": 6, "object_id": "14", "object_repr": "Perfume", "action_flag": 1, "change_message": "[{\"added\": {}}]"}}, {"model": "admin.logentry", "pk": 23, "fields": {"action_time": "2022-06-04T13:56:16.982Z", "user": 1, "content_type": 6, "object_id": "15", "object_repr": "Footwear", "action_flag": 1, "change_message": "[{\"added\": {}}]"}}, {"model": "admin.logentry", "pk": 24, "fields": {"action_time": "2022-06-04T14:33:10.137Z", "user": 1, "content_type": 8, "object_id": "1", "object_repr": "T-Shirts", "action_flag": 1, "change_message": "[{\"added\": {}}]"}}, {"model": "admin.logentry", "pk": 25, "fields": {"action_time": "2022-06-05T12:01:09.252Z", "user": 1, "content_type": 6, "object_id": "16", "object_repr": "Electronics", "action_flag": 1, "change_message": "[{\"added\": {}}]"}}, {"model": "admin.logentry", "pk": 26, "fields": {"action_time": "2022-06-05T12:11:41.895Z", "user": 1, "content_type": 8, "object_id": "2", "object_repr": "Shirts", "action_flag": 1, "change_message": "[{\"added\": {}}]"}}, {"model": "admin.logentry", "pk": 27, "fields": {"action_time": "2022-06-05T12:11:53.105Z", "user": 1, "content_type": 8, "object_id": "3", "object_repr": "Jackets", "action_flag": 1, "change_message": "[{\"added\": {}}]"}}, {"model": "admin.logentry", "pk": 28, "fields": {"action_time": "2022-06-05T12:12:09.363Z", "user": 1, "content_type": 8, "object_id": "4", "object_repr": "Jeans", "action_flag": 1, "change_message": "[{\"added\": {}}]"}}, {"model": "admin.logentry", "pk": 29, "fields": {"action_time": "2022-06-05T12:15:31.625Z", "user": 1, "content_type": 8, "object_id": "5", "object_repr": "Dress & Frocks", "action_flag": 1, "change_message": "[{\"added\": {}}]"}}, {"model": "admin.logentry", "pk": 30, "fields": {"action_time": "2022-06-05T12:25:46.900Z", "user": 1, "content_type": 8, "object_id": "5", "object_repr": "Frocks", "action_flag": 2, "change_message": "[{\"changed\": {\"fields\": [\"Name\"]}}]"}}, {"model": "admin.logentry", "pk": 31, "fields": {"action_time": "2022-06-05T12:26:14.434Z", "user": 1, "content_type": 8, "object_id": "5", "object_repr": "Frocks", "action_flag": 2, "change_message": "[{\"changed\": {\"fields\": [\"Slug\"]}}]"}}, {"model": "admin.logentry", "pk": 32, "fields": {"action_time": "2022-06-05T12:27:22.370Z", "user": 1, "content_type": 8, "object_id": "5", "object_repr": "Frocks", "action_flag": 3, "change_message": ""}}, {"model": "admin.logentry", "pk": 33, "fields": {"action_time": "2022-06-05T12:27:34.511Z", "user": 1, "content_type": 8, "object_id": "6", "object_repr": "Frocks", "action_flag": 1, "change_message": "[{\"added\": {}}]"}}, {"model": "admin.logentry", "pk": 34, "fields": {"action_time": "2022-06-05T12:28:05.117Z", "user": 1, "content_type": 8, "object_id": "7", "object_repr": "Kurtis", "action_flag": 1, "change_message": "[{\"added\": {}}]"}}, {"model": "admin.logentry", "pk": 35, "fields": {"action_time": "2022-06-05T12:41:12.910Z", "user": 1, "content_type": 8, "object_id": "8", "object_repr": "Hand Bags", "action_flag": 1, "change_message": "[{\"added\": {}}]"}}, {"model": "admin.logentry", "pk": 36, "fields": {"action_time": "2022-06-05T12:41:27.302Z", "user": 1, "content_type": 8, "object_id": "9", "object_repr": "Purse", "action_flag": 1, "change_message": "[{\"added\": {}}]"}}, {"model": "admin.logentry", "pk": 37, "fields": {"action_time": "2022-06-05T12:41:42.064Z", "user": 1, "content_type": 8, "object_id": "10", "object_repr": "School Bags", "action_flag": 1, "change_message": "[{\"added\": {}}]"}}, {"model": "admin.logentry", "pk": 38, "fields": {"action_time": "2022-06-05T12:41:55.500Z", "user": 1, "content_type": 8, "object_id": "11", "object_repr": "Travel Bags", "action_flag": 1, "change_message": "[{\"added\": {}}]"}}, {"model": "admin.logentry", "pk": 39, "fields": {"action_time": "2022-06-05T12:52:46.051Z", "user": 1, "content_type": 6, "object_id": "14", "object_repr": "Perfume", "action_flag": 3, "change_message": ""}}, {"model": "admin.logentry", "pk": 40, "fields": {"action_time": "2022-06-05T12:53:13.920Z", "user": 1, "content_type": 8, "object_id": "12", "object_repr": "Hare Care", "action_flag": 1, "change_message": "[{\"added\": {}}]"}}, {"model": "admin.logentry", "pk": 41, "fields": {"action_time": "2022-06-05T12:53:24.621Z", "user": 1, "content_type": 8, "object_id": "13", "object_repr": "Skin Care", "action_flag": 1, "change_message": "[{\"added\": {}}]"}}, {"model": "admin.logentry", "pk": 42, "fields": {"action_time": "2022-06-05T12:53:45.848Z", "user": 1, "content_type": 8, "object_id": "14", "object_repr": "Body Care", "action_flag": 1, "change_message": "[{\"added\": {}}]"}}, {"model": "admin.logentry", "pk": 43, "fields": {"action_time": "2022-06-05T12:53:57.363Z", "user": 1, "content_type": 8, "object_id": "15", "object_repr": "Perfumes", "action_flag": 1, "change_message": "[{\"added\": {}}]"}}, {"model": "admin.logentry", "pk": 44, "fields": {"action_time": "2022-06-05T12:54:35.164Z", "user": 1, "content_type": 8, "object_id": "16", "object_repr": "Shoes", "action_flag": 1, "change_message": "[{\"added\": {}}]"}}, {"model": "admin.logentry", "pk": 45, "fields": {"action_time": "2022-06-05T12:54:46.735Z", "user": 1, "content_type": 8, "object_id": "17", "object_repr": "Sandals", "action_flag": 1, "change_message": "[{\"added\": {}}]"}}, {"model": "admin.logentry", "pk": 46, "fields": {"action_time": "2022-06-05T12:55:07.820Z", "user": 1, "content_type": 8, "object_id": "18", "object_repr": "Slipper", "action_flag": 1, "change_message": "[{\"added\": {}}]"}}, {"model": "admin.logentry", "pk": 47, "fields": {"action_time": "2022-06-05T12:56:05.247Z", "user": 1, "content_type": 8, "object_id": "19", "object_repr": "Full Frame", "action_flag": 1, "change_message": "[{\"added\": {}}]"}}, {"model": "admin.logentry", "pk": 48, "fields": {"action_time": "2022-06-05T12:56:21.778Z", "user": 1, "content_type": 8, "object_id": "20", "object_repr": "Semi Rimless", "action_flag": 1, "change_message": "[{\"added\": {}}]"}}, {"model": "admin.logentry", "pk": 49, "fields": {"action_time": "2022-06-05T12:56:32.504Z", "user": 1, "content_type": 8, "object_id": "21", "object_repr": "Rimless", "action_flag": 1, "change_message": "[{\"added\": {}}]"}}, {"model": "admin.logentry", "pk": 50, "fields": {"action_time": "2022-06-05T12:56:44.176Z", "user": 1, "content_type": 8, "object_id": "22", "object_repr": "Blue Light Cut", "action_flag": 1, "change_message": "[{\"added\": {}}]"}}, {"model": "admin.logentry", "pk": 51, "fields": {"action_time": "2022-06-05T12:58:13.536Z", "user": 1, "content_type": 8, "object_id": "23", "object_repr": "Earring", "action_flag": 1, "change_message": "[{\"added\": {}}]"}}, {"model": "admin.logentry", "pk": 52, "fields": {"action_time": "2022-06-05T12:58:27.596Z", "user": 1, "content_type": 8, "object_id": "24", "object_repr": "Necklace", "action_flag": 1, "change_message": "[{\"added\": {}}]"}}, {"model": "admin.logentry", "pk": 53, "fields": {"action_time": "2022-06-05T12:58:37.351Z", "user": 1, "content_type": 8, "object_id": "25", "object_repr": "Ring", "action_flag": 1, "change_message": "[{\"added\": {}}]"}}, {"model": "admin.logentry", "pk": 54, "fields": {"action_time": "2022-06-06T12:45:24.404Z", "user": 1, "content_type": 9, "object_id": "1", "object_repr": "DevD Women's hand bag", "action_flag": 1, "change_message": "[{\"added\": {}}]"}}, {"model": "admin.logentry", "pk": 55, "fields": {"action_time": "2022-06-06T12:47:32.176Z", "user": 1, "content_type": 9, "object_id": "2", "object_repr": "Textured Tote Bag with Strap", "action_flag": 1, "change_message": "[{\"added\": {}}]"}}, {"model": "admin.logentry", "pk": 56, "fields": {"action_time": "2022-06-06T12:49:13.626Z", "user": 1, "content_type": 9, "object_id": "3", "object_repr": "Malgana Large Tote Handbag", "action_flag": 1, "change_message": "[{\"added\": {}}]"}}, {"model": "admin.logentry", "pk": 57, "fields": {"action_time": "2022-06-06T12:50:27.751Z", "user": 1, "content_type": 9, "object_id": "4", "object_repr": "Quilted shoulder Bag", "action_flag": 1, "change_message": "[{\"added\": {}}]"}}, {"model": "admin.logentry", "pk": 58, "fields": {"action_time": "2022-06-06T12:50:39.081Z", "user": 1, "content_type": 9, "object_id": "4", "object_repr": "Quilted shoulder Bag", "action_flag": 2, "change_message": "[{\"changed\": {\"fields\": [\"Is available\"]}}]"}}, {"model": "admin.logentry", "pk": 59, "fields": {"action_time": "2022-06-06T12:54:23.764Z", "user": 1, "content_type": 9, "object_id": "5", "object_repr": "Genuine Leather Zip Sling Bag", "action_flag": 1, "change_message": "[{\"added\": {}}]"}}, {"model": "admin.logentry", "pk": 60, "fields": {"action_time": "2022-06-06T12:55:45.863Z", "user": 1, "content_type": 9, "object_id": "6", "object_repr": "Genuine Lether Tote Bag", "action_flag": 1, "change_message": "[{\"added\": {}}]"}}, {"model": "admin.logentry", "pk": 61, "fields": {"action_time": "2022-06-06T12:56:47.305Z", "user": 1, "content_type": 9, "object_id": "3", "object_repr": "Malgana Large Tote Handbag", "action_flag": 2, "change_message": "[{\"changed\": {\"fields\": [\"Is available\"]}}]"}}, {"model": "admin.logentry", "pk": 62, "fields": {"action_time": "2022-06-06T12:56:53.703Z", "user": 1, "content_type": 9, "object_id": "2", "object_repr": "Textured Tote Bag with Strap", "action_flag": 2, "change_message": "[{\"changed\": {\"fields\": [\"Is available\"]}}]"}}, {"model": "admin.logentry", "pk": 63, "fields": {"action_time": "2022-06-06T13:13:22.801Z", "user": 1, "content_type": 9, "object_id": "7", "object_repr": "Penelled Shoulder Bag", "action_flag": 1, "change_message": "[{\"added\": {}}]"}}, {"model": "admin.logentry", "pk": 64, "fields": {"action_time": "2022-06-06T13:14:49.255Z", "user": 1, "content_type": 9, "object_id": "8", "object_repr": "Blue Backpack with adjustable Strap", "action_flag": 1, "change_message": "[{\"added\": {}}]"}}, {"model": "admin.logentry", "pk": 65, "fields": {"action_time": "2022-06-06T14:41:18.873Z", "user": 1, "content_type": 8, "object_id": "9", "object_repr": "Purse", "action_flag": 3, "change_message": ""}}, {"model": "admin.logentry", "pk": 66, "fields": {"action_time": "2022-06-06T14:41:31.823Z", "user": 1, "content_type": 8, "object_id": "26", "object_repr": "Wallets", "action_flag": 1, "change_message": "[{\"added\": {}}]"}}, {"model": "admin.logentry", "pk": 67, "fields": {"action_time": "2022-06-06T14:44:24.154Z", "user": 1, "content_type": 9, "object_id": "9", "object_repr": "Textured Leather Travel Wallet", "action_flag": 1, "change_message": "[{\"added\": {}}]"}}, {"model": "admin.logentry", "pk": 68, "fields": {"action_time": "2022-06-06T14:46:31.665Z", "user": 1, "content_type": 9, "object_id": "10", "object_repr": "Vegan Leather & Jute Decorative Wallet", "action_flag": 1, "change_message": "[{\"added\": {}}]"}}, {"model": "admin.logentry", "pk": 69, "fields": {"action_time": "2022-06-06T14:47:35.738Z", "user": 1, "content_type": 9, "object_id": "11", "object_repr": "Color Block Flap-Over Travel Wallet", "action_flag": 1, "change_message": "[{\"added\": {}}]"}}, {"model": "admin.logentry", "pk": 70, "fields": {"action_time": "2022-06-06T14:48:33.018Z", "user": 1, "content_type": 9, "object_id": "12", "object_repr": "Kimmy Croc-Embossed Travel Wallet", "action_flag": 1, "change_message": "[{\"added\": {}}]"}}, {"model": "admin.logentry", "pk": 71, "fields": {"action_time": "2022-06-06T14:51:46.624Z", "user": 1, "content_type": 9, "object_id": "13", "object_repr": "Flora Print Anarkali Kurti", "action_flag": 1, "change_message": "[{\"added\": {}}]"}}, {"model": "admin.logentry", "pk": 72, "fields": {"action_time": "2022-06-06T14:53:09.883Z", "user": 1, "content_type": 9, "object_id": "14", "object_repr": "Floral Embroidered Layered Kurti", "action_flag": 1, "change_message": "[{\"added\": {}}]"}}, {"model": "admin.logentry", "pk": 73, "fields": {"action_time": "2022-06-06T14:54:00.326Z", "user": 1, "content_type": 9, "object_id": "15", "object_repr": "Floral Print Straight Kurti", "action_flag": 1, "change_message": "[{\"added\": {}}]"}}, {"model": "admin.logentry", "pk": 74, "fields": {"action_time": "2022-06-06T14:55:07.949Z", "user": 1, "content_type": 9, "object_id": "16", "object_repr": "Indian Straight Fit kurti", "action_flag": 1, "change_message": "[{\"added\": {}}]"}}, {"model": "admin.logentry", "pk": 75, "fields": {"action_time": "2022-06-06T14:56:16.760Z", "user": 1, "content_type": 9, "object_id": "17", "object_repr": "Embroidered round neck kurti", "action_flag": 1, "change_message": "[{\"added\": {}}]"}}, {"model": "admin.logentry", "pk": 76, "fields": {"action_time": "2022-06-06T14:57:19.252Z", "user": 1, "content_type": 9, "object_id": "18", "object_repr": "Embroidered Straight kurti", "action_flag": 1, "change_message": "[{\"added\": {}}]"}}, {"model": "admin.logentry", "pk": 77, "fields": {"action_time": "2022-06-06T15:01:38.153Z", "user": 1, "content_type": 9, "object_id": "19", "object_repr": "Full Sleeve Slim Fit Shirt", "action_flag": 1, "change_message": "[{\"added\": {}}]"}}, {"model": "admin.logentry", "pk": 78, "fields": {"action_time": "2022-06-06T15:02:35.495Z", "user": 1, "content_type": 9, "object_id": "20", "object_repr": "Full Sleeve Classic Shirt", "action_flag": 1, "change_message": "[{\"added\": {}}]"}}, {"model": "admin.logentry", "pk": 79, "fields": {"action_time": "2022-06-06T15:03:47.251Z", "user": 1, "content_type": 9, "object_id": "21", "object_repr": "Slim Fit shirt with Flap Pocket", "action_flag": 1, "change_message": "[{\"added\": {}}]"}}, {"model": "admin.logentry", "pk": 80, "fields": {"action_time": "2022-06-06T15:05:06.515Z", "user": 1, "content_type": 9, "object_id": "22", "object_repr": "Colourblock Crew Tshirt", "action_flag": 1, "change_message": "[{\"added\": {}}]"}}, {"model": "admin.logentry", "pk": 81, "fields": {"action_time": "2022-06-06T15:06:04.723Z", "user": 1, "content_type": 9, "object_id": "23", "object_repr": "Tie & Dye Crew-Neck T-shirt", "action_flag": 1, "change_message": "[{\"added\": {}}]"}}, {"model": "admin.logentry", "pk": 82, "fields": {"action_time": "2022-06-06T15:07:22.408Z", "user": 1, "content_type": 9, "object_id": "24", "object_repr": "Crew Neck Short Sleeves T-shirt", "action_flag": 1, "change_message": "[{\"added\": {}}]"}}, {"model": "admin.logentry", "pk": 83, "fields": {"action_time": "2022-06-27T17:21:01.221Z", "user": 1, "content_type": 9, "object_id": "25", "object_repr": "Polka-dot Fit and Flare Dress", "action_flag": 1, "change_message": "[{\"added\": {}}]"}}, {"model": "admin.logentry", "pk": 84, "fields": {"action_time": "2022-06-27T17:22:02.337Z", "user": 1, "content_type": 9, "object_id": "26", "object_repr": "Indian Fit and Flare Frock", "action_flag": 1, "change_message": "[{\"added\": {}}]"}}, {"model": "admin.logentry", "pk": 85, "fields": {"action_time": "2022-06-27T17:23:32.958Z", "user": 1, "content_type": 9, "object_id": "27", "object_repr": "Embellished Sleeveless Frock", "action_flag": 1, "change_message": "[{\"added\": {}}]"}}, {"model": "admin.logentry", "pk": 86, "fields": {"action_time": "2022-06-27T17:24:34.385Z", "user": 1, "content_type": 9, "object_id": "28", "object_repr": "Floral Fit and Flare frock", "action_flag": 1, "change_message": "[{\"added\": {}}]"}}, {"model": "admin.logentry", "pk": 87, "fields": {"action_time": "2022-06-27T17:26:11.876Z", "user": 1, "content_type": 9, "object_id": "29", "object_repr": "Printed Fit and Flare Frock", "action_flag": 1, "change_message": "[{\"added\": {}}]"}}, {"model": "admin.logentry", "pk": 88, "fields": {"action_time": "2022-06-27T17:28:11.186Z", "user": 1, "content_type": 9, "object_id": "30", "object_repr": "Embellished Fit Frock", "action_flag": 1, "change_message": "[{\"added\": {}}]"}}, {"model": "admin.logentry", "pk": 89, "fields": {"action_time": "2022-06-27T17:29:24.782Z", "user": 1, "content_type": 9, "object_id": "31", "object_repr": "Embellished Fit and Flare Dress", "action_flag": 1, "change_message": "[{\"added\": {}}]"}}, {"model": "admin.logentry", "pk": 90, "fields": {"action_time": "2022-06-27T17:30:10.332Z", "user": 1, "content_type": 9, "object_id": "32", "object_repr": "Graphic Print Frock", "action_flag": 1, "change_message": "[{\"added\": {}}]"}}, {"model": "admin.logentry", "pk": 91, "fields": {"action_time": "2022-06-27T17:32:18.640Z", "user": 1, "content_type": 9, "object_id": "33", "object_repr": "Striped Round Neck T-shirt", "action_flag": 1, "change_message": "[{\"added\": {}}]"}}, {"model": "admin.logentry", "pk": 92, "fields": {"action_time": "2022-06-27T17:33:14.418Z", "user": 1, "content_type": 9, "object_id": "34", "object_repr": "Colorblock Crew-Neck T-shirt", "action_flag": 1, "change_message": "[{\"added\": {}}]"}}, {"model": "admin.logentry", "pk": 93, "fields": {"action_time": "2022-06-27T17:34:16.913Z", "user": 1, "content_type": 9, "object_id": "35", "object_repr": "Plain Half T-shirt", "action_flag": 1, "change_message": "[{\"added\": {}}]"}}, {"model": "admin.logentry", "pk": 94, "fields": {"action_time": "2022-06-27T17:35:22.618Z", "user": 1, "content_type": 9, "object_id": "36", "object_repr": "Slim Fit dark T-shirt", "action_flag": 1, "change_message": "[{\"added\": {}}]"}}, {"model": "admin.logentry", "pk": 95, "fields": {"action_time": "2022-06-27T17:37:08.996Z", "user": 1, "content_type": 9, "object_id": "37", "object_repr": "Textured T-shirt with Mandarin Collar", "action_flag": 1, "change_message": "[{\"added\": {}}]"}}, {"model": "admin.logentry", "pk": 96, "fields": {"action_time": "2022-06-27T17:40:43.504Z", "user": 1, "content_type": 9, "object_id": "38", "object_repr": "Striped Round Neck plain T-shirt", "action_flag": 1, "change_message": "[{\"added\": {}}]"}}, {"model": "admin.logentry", "pk": 97, "fields": {"action_time": "2022-06-27T17:41:21.933Z", "user": 1, "content_type": 9, "object_id": "39", "object_repr": "Fastdry Heathered Crew-neck t-shirt", "action_flag": 1, "change_message": "[{\"added\": {}}]"}}, {"model": "admin.logentry", "pk": 98, "fields": {"action_time": "2022-06-27T17:42:05.635Z", "user": 1, "content_type": 9, "object_id": "40", "object_repr": "Logo print fast dry t-shirt", "action_flag": 1, "change_message": "[{\"added\": {}}]"}}, {"model": "admin.logentry", "pk": 99, "fields": {"action_time": "2022-06-27T17:44:26.653Z", "user": 1, "content_type": 9, "object_id": "41", "object_repr": "Typographic Print tshirt", "action_flag": 1, "change_message": "[{\"added\": {}}]"}}, {"model": "admin.logentry", "pk": 100, "fields": {"action_time": "2022-06-27T17:45:14.432Z", "user": 1, "content_type": 9, "object_id": "42", "object_repr": "Solid coffee polo T-shirt", "action_flag": 1, "change_message": "[{\"added\": {}}]"}}, {"model": "admin.logentry", "pk": 101, "fields": {"action_time": "2022-06-27T17:45:58.418Z", "user": 1, "content_type": 9, "object_id": "43", "object_repr": "High Neck Slim-fit T-shirt", "action_flag": 1, "change_message": "[{\"added\": {}}]"}}, {"model": "admin.logentry", "pk": 102, "fields": {"action_time": "2022-06-27T17:47:21.764Z", "user": 1, "content_type": 9, "object_id": "44", "object_repr": "Printed Crew-Neck T-shirt", "action_flag": 1, "change_message": "[{\"added\": {}}]"}}, {"model": "admin.logentry", "pk": 103, "fields": {"action_time": "2022-06-27T17:51:02.060Z", "user": 1, "content_type": 9, "object_id": "45", "object_repr": "Slim Fit with Spread Collar", "action_flag": 1, "change_message": "[{\"added\": {}}]"}}, {"model": "admin.logentry", "pk": 104, "fields": {"action_time": "2022-06-27T17:51:53.324Z", "user": 1, "content_type": 9, "object_id": "46", "object_repr": "Slim Fit Shirt with Pocket", "action_flag": 1, "change_message": "[{\"added\": {}}]"}}, {"model": "admin.logentry", "pk": 105, "fields": {"action_time": "2022-06-27T17:54:17.475Z", "user": 1, "content_type": 9, "object_id": "47", "object_repr": "Gold Plated Laxmi Choker Necklace", "action_flag": 1, "change_message": "[{\"added\": {}}]"}}, {"model": "admin.logentry", "pk": 106, "fields": {"action_time": "2022-06-27T17:55:32.837Z", "user": 1, "content_type": 9, "object_id": "48", "object_repr": "Floral design necklace with earring", "action_flag": 1, "change_message": "[{\"added\": {}}]"}}, {"model": "admin.logentry", "pk": 107, "fields": {"action_time": "2022-06-27T17:56:38.509Z", "user": 1, "content_type": 9, "object_id": "49", "object_repr": "set of 6 Assorted Earrings", "action_flag": 1, "change_message": "[{\"added\": {}}]"}}, {"model": "admin.logentry", "pk": 108, "fields": {"action_time": "2022-06-27T17:58:18.175Z", "user": 1, "content_type": 9, "object_id": "50", "object_repr": "Stone sudden Finger ring", "action_flag": 1, "change_message": "[{\"added\": {}}]"}}, {"model": "admin.logentry", "pk": 109, "fields": {"action_time": "2022-06-27T17:59:04.594Z", "user": 1, "content_type": 9, "object_id": "51", "object_repr": "Stone sudden band ring", "action_flag": 1, "change_message": "[{\"added\": {}}]"}}, {"model": "admin.logentry", "pk": 110, "fields": {"action_time": "2022-06-27T18:00:08.729Z", "user": 1, "content_type": 9, "object_id": "52", "object_repr": "adjustable studded Heart ring", "action_flag": 1, "change_message": "[{\"added\": {}}]"}}, {"model": "admin.logentry", "pk": 111, "fields": {"action_time": "2022-06-27T18:01:01.791Z", "user": 1, "content_type": 9, "object_id": "53", "object_repr": "Sterling Solver platinum crystal ring", "action_flag": 1, "change_message": "[{\"added\": {}}]"}}, {"model": "admin.logentry", "pk": 112, "fields": {"action_time": "2022-06-27T18:03:05.032Z", "user": 1, "content_type": 9, "object_id": "54", "object_repr": "Dangler Earring with beds", "action_flag": 1, "change_message": "[{\"added\": {}}]"}}, {"model": "admin.logentry", "pk": 113, "fields": {"action_time": "2022-06-27T18:07:29.073Z", "user": 1, "content_type": 8, "object_id": "27", "object_repr": "SmartWatches", "action_flag": 1, "change_message": "[{\"added\": {}}]"}}, {"model": "admin.logentry", "pk": 114, "fields": {"action_time": "2022-06-27T18:08:37.751Z", "user": 1, "content_type": 9, "object_id": "55", "object_repr": "Noise colorFit Icon Buzz smart Watch", "action_flag": 1, "change_message": "[{\"added\": {}}]"}}, {"model": "admin.logentry", "pk": 115, "fields": {"action_time": "2022-06-27T18:09:34.192Z", "user": 1, "content_type": 9, "object_id": "56", "object_repr": "Fire-Bolt Bluetooth Calling smart watch", "action_flag": 1, "change_message": "[{\"added\": {}}]"}}, {"model": "admin.logentry", "pk": 116, "fields": {"action_time": "2022-06-27T18:10:45.852Z", "user": 1, "content_type": 9, "object_id": "57", "object_repr": "Amazfit GTS 2 Mini Smartwatch", "action_flag": 1, "change_message": "[{\"added\": {}}]"}}, {"model": "admin.logentry", "pk": 117, "fields": {"action_time": "2022-06-27T18:12:02.674Z", "user": 1, "content_type": 9, "object_id": "58", "object_repr": "Duke Men printed Thong Flip-Flop", "action_flag": 1, "change_message": "[{\"added\": {}}]"}}, {"model": "admin.logentry", "pk": 118, "fields": {"action_time": "2022-06-27T18:12:54.530Z", "user": 1, "content_type": 9, "object_id": "59", "object_repr": "ALDO Men sneaker", "action_flag": 1, "change_message": "[{\"added\": {}}]"}}, {"model": "admin.logentry", "pk": 119, "fields": {"action_time": "2022-06-30T17:43:20.727Z", "user": 1, "content_type": 9, "object_id": "55", "object_repr": "Noise colorFit Icon Buzz smart Watch", "action_flag": 2, "change_message": "[{\"changed\": {\"fields\": [\"Stock\"]}}]"}}, {"model": "admin.logentry", "pk": 120, "fields": {"action_time": "2022-07-01T17:41:25.757Z", "user": 1, "content_type": 10, "object_id": "4", "object_repr": "dvjeg2vk0529kmi0twp82ngi8eoyzhkj", "action_flag": 3, "change_message": ""}}, {"model": "admin.logentry", "pk": 121, "fields": {"action_time": "2022-07-01T17:41:25.773Z", "user": 1, "content_type": 10, "object_id": "3", "object_repr": "<function _cart_id at 0x7fd159f264c0>", "action_flag": 3, "change_message": ""}}, {"model": "admin.logentry", "pk": 122, "fields": {"action_time": "2022-07-01T17:41:25.779Z", "user": 1, "content_type": 10, "object_id": "2", "object_repr": "<function _cart_id at 0x7fcd02be4430>", "action_flag": 3, "change_message": ""}}, {"model": "admin.logentry", "pk": 123, "fields": {"action_time": "2022-07-01T17:41:25.785Z", "user": 1, "content_type": 10, "object_id": "1", "object_repr": "<function _cart_id at 0x7efca2330430>", "action_flag": 3, "change_message": ""}}, {"model": "admin.logentry", "pk": 124, "fields": {"action_time": "2022-07-08T18:36:21.871Z", "user": 1, "content_type": 13, "object_id": "1", "object_repr": "High Neck Slim-fit T-shirt", "action_flag": 1, "change_message": "[{\"added\": {}}]"}}, {"model": "admin.logentry", "pk": 125, "fields": {"action_time": "2022-07-08T18:36:54.401Z", "user": 1, "content_type": 13, "object_id": "2", "object_repr": "High Neck Slim-fit T-shirt", "action_flag": 1, "change_message": "[{\"added\": {}}]"}}, {"model": "admin.logentry", "pk": 126, "fields": {"action_time": "2022-07-08T18:37:13.086Z", "user": 1, "content_type": 13, "object_id": "3", "object_repr": "High Neck Slim-fit T-shirt", "action_flag": 1, "change_message": "[{\"added\": {}}]"}}, {"model": "admin.logentry", "pk": 127, "fields": {"action_time": "2022-07-08T18:37:28.893Z", "user": 1, "content_type": 13, "object_id": "4", "object_repr": "High Neck Slim-fit T-shirt", "action_flag": 1, "change_message": "[{\"added\": {}}]"}}, {"model": "admin.logentry", "pk": 128, "fields": {"action_time": "2022-07-08T18:37:43.720Z", "user": 1, "content_type": 13, "object_id": "5", "object_repr": "High Neck Slim-fit T-shirt", "action_flag": 1, "change_message": "[{\"added\": {}}]"}}, {"model": "admin.logentry", "pk": 129, "fields": {"action_time": "2022-07-08T18:38:29.597Z", "user": 1, "content_type": 13, "object_id": "6", "object_repr": "High Neck Slim-fit T-shirt", "action_flag": 1, "change_message": "[{\"added\": {}}]"}}, {"model": "admin.logentry", "pk": 130, "fields": {"action_time": "2022-07-11T16:27:11.324Z", "user": 1, "content_type": 11, "object_id": "40", "object_repr": "Printed Fit and Flare Frock", "action_flag": 3, "change_message": ""}}, {"model": "admin.logentry", "pk": 131, "fields": {"action_time": "2022-07-11T16:27:11.333Z", "user": 1, "content_type": 11, "object_id": "39", "object_repr": "Colourblock Crew Tshirt", "action_flag": 3, "change_message": ""}}, {"model": "admin.logentry", "pk": 132, "fields": {"action_time": "2022-07-11T16:27:11.338Z", "user": 1, "content_type": 11, "object_id": "37", "object_repr": "Floral Fit and Flare frock", "action_flag": 3, "change_message": ""}}, {"model": "admin.logentry", "pk": 133, "fields": {"action_time": "2022-07-11T16:27:11.343Z", "user": 1, "content_type": 11, "object_id": "35", "object_repr": "Tie & Dye Crew-Neck T-shirt", "action_flag": 3, "change_message": ""}}, {"model": "admin.logentry", "pk": 134, "fields": {"action_time": "2022-07-11T16:27:11.349Z", "user": 1, "content_type": 11, "object_id": "34", "object_repr": "Typographic Print tshirt", "action_flag": 3, "change_message": ""}}, {"model": "admin.logentry", "pk": 135, "fields": {"action_time": "2022-07-11T16:27:11.354Z", "user": 1, "content_type": 11, "object_id": "30", "object_repr": "Noise colorFit Icon Buzz smart Watch", "action_flag": 3, "change_message": ""}}, {"model": "admin.logentry", "pk": 136, "fields": {"action_time": "2022-07-11T16:27:11.359Z", "user": 1, "content_type": 11, "object_id": "28", "object_repr": "Textured Tote Bag with Strap", "action_flag": 3, "change_message": ""}}, {"model": "admin.logentry", "pk": 137, "fields": {"action_time": "2022-07-11T16:27:11.365Z", "user": 1, "content_type": 11, "object_id": "27", "object_repr": "Stone sudden band ring", "action_flag": 3, "change_message": ""}}, {"model": "admin.logentry", "pk": 138, "fields": {"action_time": "2022-07-11T16:27:11.370Z", "user": 1, "content_type": 11, "object_id": "26", "object_repr": "Floral design necklace with earring", "action_flag": 3, "change_message": ""}}, {"model": "admin.logentry", "pk": 139, "fields": {"action_time": "2022-07-11T16:53:34.345Z", "user": 1, "content_type": 11, "object_id": "64", "object_repr": "High Neck Slim-fit T-shirt", "action_flag": 2, "change_message": "[{\"changed\": {\"fields\": [\"Variation\"]}}]"}}, {"model": "admin.logentry", "pk": 140, "fields": {"action_time": "2022-07-13T18:48:44.901Z", "user": 1, "content_type": 13, "object_id": "5", "object_repr": "Large", "action_flag": 2, "change_message": "[{\"changed\": {\"fields\": [\"Variation value\"]}}]"}}, {"model": "admin.logentry", "pk": 141, "fields": {"action_time": "2022-07-13T19:04:50.839Z", "user": 1, "content_type": 11, "object_id": "76", "object_repr": "High Neck Slim-fit T-shirt", "action_flag": 3, "change_message": ""}}, {"model": "admin.logentry", "pk": 142, "fields": {"action_time": "2022-07-13T19:04:50.850Z", "user": 1, "content_type": 11, "object_id": "75", "object_repr": "High Neck Slim-fit T-shirt", "action_flag": 3, "change_message": ""}}, {"model": "admin.logentry", "pk": 143, "fields": {"action_time": "2022-07-13T19:04:50.855Z", "user": 1, "content_type": 11, "object_id": "74", "object_repr": "High Neck Slim-fit T-shirt", "action_flag": 3, "change_message": ""}}, {"model": "admin.logentry", "pk": 144, "fields": {"action_time": "2022-07-13T19:04:50.861Z", "user": 1, "content_type": 11, "object_id": "73", "object_repr": "High Neck Slim-fit T-shirt", "action_flag": 3, "change_message": ""}}, {"model": "admin.logentry", "pk": 145, "fields": {"action_time": "2022-07-13T19:04:50.866Z", "user": 1, "content_type": 11, "object_id": "72", "object_repr": "High Neck Slim-fit T-shirt", "action_flag": 3, "change_message": ""}}, {"model": "admin.logentry", "pk": 146, "fields": {"action_time": "2022-07-15T15:51:41.264Z", "user": 1, "content_type": 7, "object_id": "2", "object_repr": "sansa69@gmail.com", "action_flag": 3, "change_message": ""}}, {"model": "admin.logentry", "pk": 147, "fields": {"action_time": "2022-07-15T16:10:50.290Z", "user": 1, "content_type": 7, "object_id": "3", "object_repr": "sansa69@gmail.com", "action_flag": 3, "change_message": ""}}, {"model": "admin.logentry", "pk": 148, "fields": {"action_time": "2022-07-16T08:43:19.481Z", "user": 1, "content_type": 7, "object_id": "5", "object_repr": "john69@gmail.com", "action_flag": 3, "change_message": ""}}, {"model": "admin.logentry", "pk": 149, "fields": {"action_time": "2022-07-16T08:43:19.491Z", "user": 1, "content_type": 7, "object_id": "4", "object_repr": "monika69@gmail.com", "action_flag": 3, "change_message": ""}}, {"model": "admin.logentry", "pk": 150, "fields": {"action_time": "2022-07-16T08:43:19.497Z", "user": 1, "content_type": 7, "object_id": "12", "object_repr": "phoebe@gmail.com", "action_flag": 3, "change_message": ""}}, {"model": "admin.logentry", "pk": 151, "fields": {"action_time": "2022-07-16T08:43:19.502Z", "user": 1, "content_type": 7, "object_id": "6", "object_repr": "sansa69@gmail.com", "action_flag": 3, "change_message": ""}}, {"model": "admin.logentry", "pk": 152, "fields": {"action_time": "2022-07-16T08:43:19.509Z", "user": 1, "content_type": 7, "object_id": "7", "object_repr": "temp@gmail.com", "action_flag": 3, "change_message": ""}}, {"model": "admin.logentry", "pk": 153, "fields": {"action_time": "2022-07-16T08:43:19.515Z", "user": 1, "content_type": 7, "object_id": "9", "object_repr": "temp1@gmail.com", "action_flag": 3, "change_message": ""}}, {"model": "admin.logentry", "pk": 154, "fields": {"action_time": "2022-07-16T08:43:19.520Z", "user": 1, "content_type": 7, "object_id": "11", "object_repr": "temp10@gmail.com", "action_flag": 3, "change_message": ""}}, {"model": "admin.logentry", "pk": 155, "fields": {"action_time": "2022-07-16T08:43:19.525Z", "user": 1, "content_type": 7, "object_id": "8", "object_repr": "temp2@gmail.com", "action_flag": 3, "change_message": ""}}, {"model": "admin.logentry", "pk": 156, "fields": {"action_time": "2022-07-16T08:43:19.532Z", "user": 1, "content_type": 7, "object_id": "10", "object_repr": "temp6@gmail.com", "action_flag": 3, "change_message": ""}}, {"model": "admin.logentry", "pk": 157, "fields": {"action_time": "2022-07-16T08:43:19.537Z", "user": 1, "content_type": 7, "object_id": "13", "object_repr": "will@gmail.com", "action_flag": 3, "change_message": ""}}, {"model": "admin.logentry", "pk": 158, "fields": {"action_time": "2022-07-16T18:45:01.048Z", "user": 1, "content_type": 7, "object_id": "15", "object_repr": "techpivot786@gmail.com", "action_flag": 3, "change_message": ""}}, {"model": "admin.logentry", "pk": 159, "fields": {"action_time": "2022-07-16T18:54:19.933Z", "user": 1, "content_type": 7, "object_id": "16", "object_repr": "techpivot786@gmail.com", "action_flag": 3, "change_message": ""}}, {"model": "admin.logentry", "pk": 160, "fields": {"action_time": "2022-07-17T09:51:35.301Z", "user": 1, "content_type": 7, "object_id": "17", "object_repr": "techpivot786@gmail.com", "action_flag": 3, "change_message": ""}}, {"model": "admin.logentry", "pk": 161, "fields": {"action_time": "2022-07-17T09:54:39.306Z", "user": 1, "content_type": 7, "object_id": "18", "object_repr": "techpivot786@gmail.com", "action_flag": 3, "change_message": ""}}, {"model": "admin.logentry", "pk": 162, "fields": {"action_time": "2022-07-17T09:56:53.807Z", "user": 1, "content_type": 7, "object_id": "19", "object_repr": "techpivot786@gmail.com", "action_flag": 3, "change_message": ""}}, {"model": "admin.logentry", "pk": 163, "fields": {"action_time": "2022-07-17T10:01:28.803Z", "user": 1, "content_type": 7, "object_id": "20", "object_repr": "techpivot786@gmail.com", "action_flag": 3, "change_message": ""}}, {"model": "admin.logentry", "pk": 164, "fields": {"action_time": "2022-07-17T10:07:09.484Z", "user": 1, "content_type": 7, "object_id": "21", "object_repr": "techpivot786@gmail.com", "action_flag": 3, "change_message": ""}}, {"model": "admin.logentry", "pk": 165, "fields": {"action_time": "2022-07-17T17:54:06.150Z", "user": 1, "content_type": 7, "object_id": "22", "object_repr": "techpivot786@gmail.com", "action_flag": 3, "change_message": ""}}, {"model": "admin.logentry", "pk": 166, "fields": {"action_time": "2022-07-21T18:16:34.057Z", "user": 1, "content_type": 11, "object_id": "104", "object_repr": "High Neck Slim-fit T-shirt", "action_flag": 3, "change_message": ""}}, {"model": "admin.logentry", "pk": 167, "fields": {"action_time": "2022-07-21T18:16:34.064Z", "user": 1, "content_type": 11, "object_id": "103", "object_repr": "High Neck Slim-fit T-shirt", "action_flag": 3, "change_message": ""}}, {"model": "admin.logentry", "pk": 168, "fields": {"action_time": "2022-07-21T18:16:34.070Z", "user": 1, "content_type": 11, "object_id": "102", "object_repr": "Solid coffee polo T-shirt", "action_flag": 3, "change_message": ""}}, {"model": "admin.logentry", "pk": 169, "fields": {"action_time": "2022-07-21T18:16:34.076Z", "user": 1, "content_type": 11, "object_id": "101", "object_repr": "Full Sleeve Classic Shirt", "action_flag": 3, "change_message": ""}}, {"model": "admin.logentry", "pk": 170, "fields": {"action_time": "2022-07-21T18:16:34.082Z", "user": 1, "content_type": 11, "object_id": "100", "object_repr": "Floral Print Straight Kurti", "action_flag": 3, "change_message": ""}}, {"model": "admin.logentry", "pk": 171, "fields": {"action_time": "2022-07-21T18:16:34.090Z", "user": 1, "content_type": 11, "object_id": "99", "object_repr": "Floral Embroidered Layered Kurti", "action_flag": 3, "change_message": ""}}, {"model": "admin.logentry", "pk": 172, "fields": {"action_time": "2022-07-21T18:16:34.096Z", "user": 1, "content_type": 11, "object_id": "98", "object_repr": "Flora Print Anarkali Kurti", "action_flag": 3, "change_message": ""}}, {"model": "admin.logentry", "pk": 173, "fields": {"action_time": "2022-07-21T18:16:34.101Z", "user": 1, "content_type": 11, "object_id": "97", "object_repr": "Textured T-shirt with Mandarin Collar", "action_flag": 3, "change_message": ""}}, {"model": "admin.logentry", "pk": 174, "fields": {"action_time": "2022-07-21T18:16:34.108Z", "user": 1, "content_type": 11, "object_id": "96", "object_repr": "Colorblock Crew-Neck T-shirt", "action_flag": 3, "change_message": ""}}, {"model": "admin.logentry", "pk": 175, "fields": {"action_time": "2022-07-21T18:16:34.114Z", "user": 1, "content_type": 11, "object_id": "95", "object_repr": "Striped Round Neck T-shirt", "action_flag": 3, "change_message": ""}}, {"model": "admin.logentry", "pk": 176, "fields": {"action_time": "2022-07-21T18:16:34.119Z", "user": 1, "content_type": 11, "object_id": "94", "object_repr": "Crew Neck Short Sleeves T-shirt", "action_flag": 3, "change_message": ""}}, {"model": "admin.logentry", "pk": 177, "fields": {"action_time": "2022-07-21T18:16:34.126Z", "user": 1, "content_type": 11, "object_id": "93", "object_repr": "Tie & Dye Crew-Neck T-shirt", "action_flag": 3, "change_message": ""}}, {"model": "admin.logentry", "pk": 178, "fields": {"action_time": "2022-07-21T18:16:34.133Z", "user": 1, "content_type": 11, "object_id": "92", "object_repr": "High Neck Slim-fit T-shirt", "action_flag": 3, "change_message": ""}}, {"model": "admin.logentry", "pk": 179, "fields": {"action_time": "2022-07-21T18:16:34.138Z", "user": 1, "content_type": 11, "object_id": "91", "object_repr": "Floral Print Straight Kurti", "action_flag": 3, "change_message": ""}}, {"model": "admin.logentry", "pk": 180, "fields": {"action_time": "2022-07-21T18:16:34.144Z", "user": 1, "content_type": 11, "object_id": "90", "object_repr": "Fastdry Heathered Crew-neck t-shirt", "action_flag": 3, "change_message": ""}}, {"model": "admin.logentry", "pk": 181, "fields": {"action_time": "2022-07-21T18:16:34.150Z", "user": 1, "content_type": 11, "object_id": "89", "object_repr": "High Neck Slim-fit T-shirt", "action_flag": 3, "change_message": ""}}, {"model": "admin.logentry", "pk": 182, "fields": {"action_time": "2022-07-21T18:16:34.155Z", "user": 1, "content_type": 11, "object_id": "88", "object_repr": "High Neck Slim-fit T-shirt", "action_flag": 3, "change_message": ""}}, {"model": "admin.logentry", "pk": 183, "fields": {"action_time": "2022-07-21T18:16:34.161Z", "user": 1, "content_type": 11, "object_id": "87", "object_repr": "High Neck Slim-fit T-shirt", "action_flag": 3, "change_message": ""}}, {"model": "admin.logentry", "pk": 184, "fields": {"action_time": "2022-07-21T18:16:34.167Z", "user": 1, "content_type": 11, "object_id": "86", "object_repr": "High Neck Slim-fit T-shirt", "action_flag": 3, "change_message": ""}}, {"model": "admin.logentry", "pk": 185, "fields": {"action_time": "2022-07-21T18:16:34.173Z", "user": 1, "content_type": 11, "object_id": "82", "object_repr": "High Neck Slim-fit T-shirt", "action_flag": 3, "change_message": ""}}, {"model": "admin.logentry", "pk": 186, "fields": {"action_time": "2022-07-21T18:16:34.180Z", "user": 1, "content_type": 11, "object_id": "78", "object_repr": "High Neck Slim-fit T-shirt", "action_flag": 3, "change_message": ""}}, {"model": "admin.logentry", "pk": 187, "fields": {"action_time": "2022-07-23T20:15:57.448Z", "user": 1, "content_type": 11, "object_id": "25", "object_repr": "Typographic Print tshirt", "action_flag": 3, "change_message": ""}}, {"model": "admin.logentry", "pk": 188, "fields": {"action_time": "2022-07-23T20:15:57.518Z", "user": 1, "content_type": 11, "object_id": "24", "object_repr": "High Neck Slim-fit T-shirt", "action_flag": 3, "change_message": ""}}, {"model": "admin.logentry", "pk": 189, "fields": {"action_time": "2022-07-23T20:15:57.775Z", "user": 1, "content_type": 11, "object_id": "23", "object_repr": "Typographic Print tshirt", "action_flag": 3, "change_message": ""}}, {"model": "admin.logentry", "pk": 190, "fields": {"action_time": "2022-07-23T20:15:57.846Z", "user": 1, "content_type": 11, "object_id": "22", "object_repr": "High Neck Slim-fit T-shirt", "action_flag": 3, "change_message": ""}}, {"model": "admin.logentry", "pk": 191, "fields": {"action_time": "2022-07-23T20:15:57.916Z", "user": 1, "content_type": 11, "object_id": "21", "object_repr": "Typographic Print tshirt", "action_flag": 3, "change_message": ""}}, {"model": "admin.logentry", "pk": 192, "fields": {"action_time": "2022-07-23T20:15:58.049Z", "user": 1, "content_type": 11, "object_id": "20", "object_repr": "High Neck Slim-fit T-shirt", "action_flag": 3, "change_message": ""}}, {"model": "admin.logentry", "pk": 193, "fields": {"action_time": "2022-07-23T20:15:58.120Z", "user": 1, "content_type": 11, "object_id": "19", "object_repr": "Typographic Print tshirt", "action_flag": 3, "change_message": ""}}, {"model": "admin.logentry", "pk": 194, "fields": {"action_time": "2022-07-23T20:15:58.411Z", "user": 1, "content_type": 11, "object_id": "18", "object_repr": "High Neck Slim-fit T-shirt", "action_flag": 3, "change_message": ""}}, {"model": "admin.logentry", "pk": 195, "fields": {"action_time": "2022-07-23T20:15:58.417Z", "user": 1, "content_type": 11, "object_id": "17", "object_repr": "Typographic Print tshirt", "action_flag": 3, "change_message": ""}}, {"model": "admin.logentry", "pk": 196, "fields": {"action_time": "2022-07-23T20:15:58.428Z", "user": 1, "content_type": 11, "object_id": "16", "object_repr": "High Neck Slim-fit T-shirt", "action_flag": 3, "change_message": ""}}, {"model": "admin.logentry", "pk": 197, "fields": {"action_time": "2022-07-23T20:15:58.433Z", "user": 1, "content_type": 11, "object_id": "15", "object_repr": "Typographic Print tshirt", "action_flag": 3, "change_message": ""}}, {"model": "admin.logentry", "pk": 198, "fields": {"action_time": "2022-07-23T20:15:58.439Z", "user": 1, "content_type": 11, "object_id": "14", "object_repr": "High Neck Slim-fit T-shirt", "action_flag": 3, "change_message": ""}}, {"model": "admin.logentry", "pk": 199, "fields": {"action_time": "2022-07-23T20:15:58.445Z", "user": 1, "content_type": 11, "object_id": "13", "object_repr": "Typographic Print tshirt", "action_flag": 3, "change_message": ""}}, {"model": "admin.logentry", "pk": 200, "fields": {"action_time": "2022-07-23T21:49:40.590Z", "user": 1, "content_type": 10, "object_id": "102", "object_repr": "3lf9snyexd55xeyl25j4kg8kr1q7xju4", "action_flag": 3, "change_message": ""}}, {"model": "admin.logentry", "pk": 201, "fields": {"action_time": "2022-07-23T21:49:40.597Z", "user": 1, "content_type": 10, "object_id": "101", "object_repr": "dayj6et5uf1vw0nbs0ay2o0klrwj1ao5", "action_flag": 3, "change_message": ""}}, {"model": "admin.logentry", "pk": 202, "fields": {"action_time": "2022-07-23T21:49:40.603Z", "user": 1, "content_type": 10, "object_id": "100", "object_repr": "p41wsgs8fijcwu208qaelmro4umolwcw", "action_flag": 3, "change_message": ""}}, {"model": "admin.logentry", "pk": 203, "fields": {"action_time": "2022-07-23T21:49:40.610Z", "user": 1, "content_type": 10, "object_id": "99", "object_repr": "w968mz7ul37cvk1d8ipekm55v2xavjd4", "action_flag": 3, "change_message": ""}}, {"model": "admin.logentry", "pk": 204, "fields": {"action_time": "2022-07-23T21:49:40.615Z", "user": 1, "content_type": 10, "object_id": "98", "object_repr": "ox7bf94wdkepebzdti9lut6wbptxlmjy", "action_flag": 3, "change_message": ""}}, {"model": "admin.logentry", "pk": 205, "fields": {"action_time": "2022-07-23T21:49:40.621Z", "user": 1, "content_type": 10, "object_id": "97", "object_repr": "secw6wjtu482y7fdepydhpzhjyo1cijt", "action_flag": 3, "change_message": ""}}, {"model": "admin.logentry", "pk": 206, "fields": {"action_time": "2022-07-23T21:49:40.627Z", "user": 1, "content_type": 10, "object_id": "96", "object_repr": "xhkg66s9xmertuyapq1ggumym61nz7td", "action_flag": 3, "change_message": ""}}, {"model": "admin.logentry", "pk": 207, "fields": {"action_time": "2022-07-23T21:49:40.634Z", "user": 1, "content_type": 10, "object_id": "95", "object_repr": "n5knr1uoq5g4odk8cve2v0ulfxo7akc0", "action_flag": 3, "change_message": ""}}, {"model": "admin.logentry", "pk": 208, "fields": {"action_time": "2022-07-23T21:49:40.641Z", "user": 1, "content_type": 10, "object_id": "94", "object_repr": "kf7ygrdmzdapubcswtfx00jca8zeip0e", "action_flag": 3, "change_message": ""}}, {"model": "admin.logentry", "pk": 209, "fields": {"action_time": "2022-07-23T21:49:40.647Z", "user": 1, "content_type": 10, "object_id": "93", "object_repr": "o9uy9tdxwa2w6cfyamq0yf5ofi9b1qfo", "action_flag": 3, "change_message": ""}}, {"model": "admin.logentry", "pk": 210, "fields": {"action_time": "2022-07-23T21:49:40.653Z", "user": 1, "content_type": 10, "object_id": "92", "object_repr": "ysvpk9ms7tszpgag4o8soot42zzryt03", "action_flag": 3, "change_message": ""}}, {"model": "admin.logentry", "pk": 211, "fields": {"action_time": "2022-07-23T21:49:40.659Z", "user": 1, "content_type": 10, "object_id": "91", "object_repr": "t4y4c7ynb2iyzmclglytgp6htzt656bm", "action_flag": 3, "change_message": ""}}, {"model": "admin.logentry", "pk": 212, "fields": {"action_time": "2022-07-23T21:49:40.666Z", "user": 1, "content_type": 10, "object_id": "90", "object_repr": "8agjunrbazei0066xu2xsnbp919u9ynm", "action_flag": 3, "change_message": ""}}, {"model": "admin.logentry", "pk": 213, "fields": {"action_time": "2022-07-23T21:49:40.672Z", "user": 1, "content_type": 10, "object_id": "89", "object_repr": "15yx4ifyegeabii7kj1gnh4c7s6nktgp", "action_flag": 3, "change_message": ""}}, {"model": "admin.logentry", "pk": 214, "fields": {"action_time": "2022-07-23T21:49:40.679Z", "user": 1, "content_type": 10, "object_id": "88", "object_repr": "yis8dkxm314bu7cwyii9go781ytfgbe1", "action_flag": 3, "change_message": ""}}, {"model": "admin.logentry", "pk": 215, "fields": {"action_time": "2022-07-23T21:49:40.685Z", "user": 1, "content_type": 10, "object_id": "87", "object_repr": "s53h9cpeo8oc00cn2ve3lht87jkls24y", "action_flag": 3, "change_message": ""}}, {"model": "admin.logentry", "pk": 216, "fields": {"action_time": "2022-07-23T21:49:40.691Z", "user": 1, "content_type": 10, "object_id": "86", "object_repr": "dnvdl69od8088cwwiztf63x4isyyhfco", "action_flag": 3, "change_message": ""}}, {"model": "admin.logentry", "pk": 217, "fields": {"action_time": "2022-07-23T21:49:40.697Z", "user": 1, "content_type": 10, "object_id": "85", "object_repr": "e0zuvxu7dctaifljm35w22c42cv5m5f0", "action_flag": 3, "change_message": ""}}, {"model": "admin.logentry", "pk": 218, "fields": {"action_time": "2022-07-23T21:49:40.702Z", "user": 1, "content_type": 10, "object_id": "84", "object_repr": "aq80p2e5h352i5urgqbsmkp2qt4a5cft", "action_flag": 3, "change_message": ""}}, {"model": "admin.logentry", "pk": 219, "fields": {"action_time": "2022-07-23T21:49:40.708Z", "user": 1, "content_type": 10, "object_id": "83", "object_repr": "wly6nyqdgg6rrxtuq1741enkuu1xijqq", "action_flag": 3, "change_message": ""}}, {"model": "admin.logentry", "pk": 220, "fields": {"action_time": "2022-07-23T21:49:40.714Z", "user": 1, "content_type": 10, "object_id": "82", "object_repr": "dgnw6oge3mkwqntrj45fb1gvpq25pt0m", "action_flag": 3, "change_message": ""}}, {"model": "admin.logentry", "pk": 221, "fields": {"action_time": "2022-07-23T21:49:40.720Z", "user": 1, "content_type": 10, "object_id": "81", "object_repr": "kwhiramccia4dd73x3wn9hmziyx1h19a", "action_flag": 3, "change_message": ""}}, {"model": "admin.logentry", "pk": 222, "fields": {"action_time": "2022-07-23T21:49:40.729Z", "user": 1, "content_type": 10, "object_id": "80", "object_repr": "ckyckmav327jobby6qopu4obijo5l4fv", "action_flag": 3, "change_message": ""}}, {"model": "admin.logentry", "pk": 223, "fields": {"action_time": "2022-07-23T21:49:40.736Z", "user": 1, "content_type": 10, "object_id": "79", "object_repr": "p55qhoai1y82zg2u8qw5dkkb5s8bto1p", "action_flag": 3, "change_message": ""}}, {"model": "admin.logentry", "pk": 224, "fields": {"action_time": "2022-07-23T21:49:40.742Z", "user": 1, "content_type": 10, "object_id": "78", "object_repr": "irun46lqau4hg40ockkxytpnrgv3wxu9", "action_flag": 3, "change_message": ""}}, {"model": "admin.logentry", "pk": 225, "fields": {"action_time": "2022-07-23T21:49:40.748Z", "user": 1, "content_type": 10, "object_id": "77", "object_repr": "u9s6vvrrchqmr6tk54iifmkc5mpifxtn", "action_flag": 3, "change_message": ""}}, {"model": "admin.logentry", "pk": 226, "fields": {"action_time": "2022-07-23T21:49:40.754Z", "user": 1, "content_type": 10, "object_id": "76", "object_repr": "e3cyil8ugors0f5yj5uld7ymwpli2seb", "action_flag": 3, "change_message": ""}}, {"model": "admin.logentry", "pk": 227, "fields": {"action_time": "2022-07-23T21:49:40.759Z", "user": 1, "content_type": 10, "object_id": "75", "object_repr": "wzoqv3nnymn7mf24ucwunzyizi4ln3qs", "action_flag": 3, "change_message": ""}}, {"model": "admin.logentry", "pk": 228, "fields": {"action_time": "2022-07-23T21:49:40.766Z", "user": 1, "content_type": 10, "object_id": "74", "object_repr": "24daujvuft9izpv51qv27by6qfbbrv36", "action_flag": 3, "change_message": ""}}, {"model": "admin.logentry", "pk": 229, "fields": {"action_time": "2022-07-23T21:49:40.772Z", "user": 1, "content_type": 10, "object_id": "73", "object_repr": "fv76me00qo5e8yeivawdlme0418671au", "action_flag": 3, "change_message": ""}}, {"model": "admin.logentry", "pk": 230, "fields": {"action_time": "2022-07-23T21:49:40.778Z", "user": 1, "content_type": 10, "object_id": "72", "object_repr": "dgieeq1v6ipquaggtw1gc91qai0ixro9", "action_flag": 3, "change_message": ""}}, {"model": "admin.logentry", "pk": 231, "fields": {"action_time": "2022-07-23T21:49:40.784Z", "user": 1, "content_type": 10, "object_id": "71", "object_repr": "cqrfuj3fk378s8k4iaudghxbtrfy4h28", "action_flag": 3, "change_message": ""}}, {"model": "admin.logentry", "pk": 232, "fields": {"action_time": "2022-07-23T21:49:40.790Z", "user": 1, "content_type": 10, "object_id": "70", "object_repr": "05eyx4bunyjyergpovrd1gwmc82euj5g", "action_flag": 3, "change_message": ""}}, {"model": "admin.logentry", "pk": 233, "fields": {"action_time": "2022-07-23T21:49:40.796Z", "user": 1, "content_type": 10, "object_id": "69", "object_repr": "z18wzud64xhavqzyztywt8mqg936ekz6", "action_flag": 3, "change_message": ""}}, {"model": "admin.logentry", "pk": 234, "fields": {"action_time": "2022-07-23T21:49:40.802Z", "user": 1, "content_type": 10, "object_id": "68", "object_repr": "z5qus9l8tj84vmeyinwotbrhjmmzzcpy", "action_flag": 3, "change_message": ""}}, {"model": "admin.logentry", "pk": 235, "fields": {"action_time": "2022-07-23T21:49:40.808Z", "user": 1, "content_type": 10, "object_id": "67", "object_repr": "rij2o0slspiwkfw00nylld8zy4twf2qd", "action_flag": 3, "change_message": ""}}, {"model": "admin.logentry", "pk": 236, "fields": {"action_time": "2022-07-23T21:49:40.813Z", "user": 1, "content_type": 10, "object_id": "66", "object_repr": "cfmbh8hw0h1cu9ev7qrsic7pxs6hpylm", "action_flag": 3, "change_message": ""}}, {"model": "admin.logentry", "pk": 237, "fields": {"action_time": "2022-07-23T21:49:40.819Z", "user": 1, "content_type": 10, "object_id": "65", "object_repr": "dsmtj5h3pxcstz3hoofqjy8rk8rhuiou", "action_flag": 3, "change_message": ""}}, {"model": "admin.logentry", "pk": 238, "fields": {"action_time": "2022-07-23T21:49:40.825Z", "user": 1, "content_type": 10, "object_id": "64", "object_repr": "ce1dii2ajf7tfxrpox21frvmkvz2e95j", "action_flag": 3, "change_message": ""}}, {"model": "admin.logentry", "pk": 239, "fields": {"action_time": "2022-07-23T21:49:40.830Z", "user": 1, "content_type": 10, "object_id": "63", "object_repr": "3qdrapvy2ggyts2upmr3aboehohw1la4", "action_flag": 3, "change_message": ""}}, {"model": "admin.logentry", "pk": 240, "fields": {"action_time": "2022-07-23T21:49:40.836Z", "user": 1, "content_type": 10, "object_id": "62", "object_repr": "cz1nav14dkm17b7wqdvbbm8wxes5iu8v", "action_flag": 3, "change_message": ""}}, {"model": "admin.logentry", "pk": 241, "fields": {"action_time": "2022-07-23T21:49:40.841Z", "user": 1, "content_type": 10, "object_id": "61", "object_repr": "qiivtzc1444hvuwrz9f5goyg8madpl5q", "action_flag": 3, "change_message": ""}}, {"model": "admin.logentry", "pk": 242, "fields": {"action_time": "2022-07-23T21:49:40.847Z", "user": 1, "content_type": 10, "object_id": "60", "object_repr": "wg5smd0zhzvw2918u4694de2034heknz", "action_flag": 3, "change_message": ""}}, {"model": "admin.logentry", "pk": 243, "fields": {"action_time": "2022-07-23T21:49:40.853Z", "user": 1, "content_type": 10, "object_id": "59", "object_repr": "abyi2ups1swc5x30aq0xa8k4mqi9cfy0", "action_flag": 3, "change_message": ""}}, {"model": "admin.logentry", "pk": 244, "fields": {"action_time": "2022-07-23T21:49:40.859Z", "user": 1, "content_type": 10, "object_id": "58", "object_repr": "jw6o1dddrxsrz6t757ltfw9jm5hsrctv", "action_flag": 3, "change_message": ""}}, {"model": "admin.logentry", "pk": 245, "fields": {"action_time": "2022-07-23T21:49:40.865Z", "user": 1, "content_type": 10, "object_id": "57", "object_repr": "6v43oyag54pxqto0x4jofib248xmx8mi", "action_flag": 3, "change_message": ""}}, {"model": "admin.logentry", "pk": 246, "fields": {"action_time": "2022-07-23T21:49:40.870Z", "user": 1, "content_type": 10, "object_id": "56", "object_repr": "tgwpsqwqdqm7t9i1e7he3i654w4gotxf", "action_flag": 3, "change_message": ""}}, {"model": "admin.logentry", "pk": 247, "fields": {"action_time": "2022-07-23T21:49:40.876Z", "user": 1, "content_type": 10, "object_id": "55", "object_repr": "1lq0bedxiy7x9uk48scc3w6ogoxl1rmr", "action_flag": 3, "change_message": ""}}, {"model": "admin.logentry", "pk": 248, "fields": {"action_time": "2022-07-23T21:49:40.881Z", "user": 1, "content_type": 10, "object_id": "54", "object_repr": "m0bym5jjdkppue501qlp1q9wnjursupu", "action_flag": 3, "change_message": ""}}, {"model": "admin.logentry", "pk": 249, "fields": {"action_time": "2022-07-23T21:49:40.887Z", "user": 1, "content_type": 10, "object_id": "53", "object_repr": "zsl8douigc2ec1mndcrf6ksa6bsq2itb", "action_flag": 3, "change_message": ""}}, {"model": "admin.logentry", "pk": 250, "fields": {"action_time": "2022-07-23T21:49:40.893Z", "user": 1, "content_type": 10, "object_id": "52", "object_repr": "tf7lwjeme4ls27h0jlt9npn3wn6v5gzf", "action_flag": 3, "change_message": ""}}, {"model": "admin.logentry", "pk": 251, "fields": {"action_time": "2022-07-23T21:49:40.898Z", "user": 1, "content_type": 10, "object_id": "51", "object_repr": "h05rxq40tq2tjy4hoajkxs5axz9tu1kj", "action_flag": 3, "change_message": ""}}, {"model": "admin.logentry", "pk": 252, "fields": {"action_time": "2022-07-23T21:49:40.904Z", "user": 1, "content_type": 10, "object_id": "50", "object_repr": "r1kxh66frv0byax3afld11tszc55itl2", "action_flag": 3, "change_message": ""}}, {"model": "admin.logentry", "pk": 253, "fields": {"action_time": "2022-07-23T21:49:40.910Z", "user": 1, "content_type": 10, "object_id": "49", "object_repr": "1orvbvh2kez6xzpyilkgj227m07yz5pj", "action_flag": 3, "change_message": ""}}, {"model": "admin.logentry", "pk": 254, "fields": {"action_time": "2022-07-23T21:49:40.916Z", "user": 1, "content_type": 10, "object_id": "48", "object_repr": "21u7wbg2ndwl3y37l8jga1s7ti7z4rad", "action_flag": 3, "change_message": ""}}, {"model": "admin.logentry", "pk": 255, "fields": {"action_time": "2022-07-23T21:49:40.921Z", "user": 1, "content_type": 10, "object_id": "47", "object_repr": "x7hooc0135q1riw5z22jdft6fiy24p7e", "action_flag": 3, "change_message": ""}}, {"model": "admin.logentry", "pk": 256, "fields": {"action_time": "2022-07-23T21:49:40.928Z", "user": 1, "content_type": 10, "object_id": "46", "object_repr": "tywbwewjl48smoi3ktkk8v5lbx53hlkv", "action_flag": 3, "change_message": ""}}, {"model": "admin.logentry", "pk": 257, "fields": {"action_time": "2022-07-23T21:49:40.935Z", "user": 1, "content_type": 10, "object_id": "45", "object_repr": "jnpb3i49dwjw1ffmebctdldnt1hgr4tl", "action_flag": 3, "change_message": ""}}, {"model": "admin.logentry", "pk": 258, "fields": {"action_time": "2022-07-23T21:49:40.942Z", "user": 1, "content_type": 10, "object_id": "44", "object_repr": "o6ar64mn6bulqjc8ne8qtt1zjdfdkw3a", "action_flag": 3, "change_message": ""}}, {"model": "admin.logentry", "pk": 259, "fields": {"action_time": "2022-07-23T21:49:40.948Z", "user": 1, "content_type": 10, "object_id": "43", "object_repr": "v00hczsb4n1cwanlazgj6f5trbi2p8az", "action_flag": 3, "change_message": ""}}, {"model": "admin.logentry", "pk": 260, "fields": {"action_time": "2022-07-23T21:49:40.955Z", "user": 1, "content_type": 10, "object_id": "42", "object_repr": "4tsm71z3n9kc6pl169ty1guroe71onxg", "action_flag": 3, "change_message": ""}}, {"model": "admin.logentry", "pk": 261, "fields": {"action_time": "2022-07-23T21:49:40.961Z", "user": 1, "content_type": 10, "object_id": "41", "object_repr": "aj9qgubu4sz1dobh0mqcupp3mzeqwlwy", "action_flag": 3, "change_message": ""}}, {"model": "admin.logentry", "pk": 262, "fields": {"action_time": "2022-07-23T21:49:40.967Z", "user": 1, "content_type": 10, "object_id": "40", "object_repr": "16a7w7h767q3db418aaywxvi9gmbf5ai", "action_flag": 3, "change_message": ""}}, {"model": "admin.logentry", "pk": 263, "fields": {"action_time": "2022-07-23T21:49:40.972Z", "user": 1, "content_type": 10, "object_id": "39", "object_repr": "uxbwjjqlo02td6p74bepk9l3kajvccto", "action_flag": 3, "change_message": ""}}, {"model": "admin.logentry", "pk": 264, "fields": {"action_time": "2022-07-23T21:49:40.978Z", "user": 1, "content_type": 10, "object_id": "38", "object_repr": "h0vue0tceyrmbd8vejkbr9lupla6vewh", "action_flag": 3, "change_message": ""}}, {"model": "admin.logentry", "pk": 265, "fields": {"action_time": "2022-07-23T21:49:40.984Z", "user": 1, "content_type": 10, "object_id": "37", "object_repr": "bikxc8jgh7vlbylt2aqvn00wtl4va6h6", "action_flag": 3, "change_message": ""}}, {"model": "admin.logentry", "pk": 266, "fields": {"action_time": "2022-07-23T21:49:40.991Z", "user": 1, "content_type": 10, "object_id": "36", "object_repr": "4zoezye4ryd1ycxl7wuuxuja58uryygi", "action_flag": 3, "change_message": ""}}, {"model": "admin.logentry", "pk": 267, "fields": {"action_time": "2022-07-23T21:49:40.997Z", "user": 1, "content_type": 10, "object_id": "35", "object_repr": "dfuf733cqs7xg5411szbpno2yeytdajl", "action_flag": 3, "change_message": ""}}, {"model": "admin.logentry", "pk": 268, "fields": {"action_time": "2022-07-23T21:49:41.004Z", "user": 1, "content_type": 10, "object_id": "34", "object_repr": "8kdbcius0z34mttubtrjrlm4w3j8kel5", "action_flag": 3, "change_message": ""}}, {"model": "admin.logentry", "pk": 269, "fields": {"action_time": "2022-07-23T21:49:41.010Z", "user": 1, "content_type": 10, "object_id": "33", "object_repr": "a63jg6o8ukpd41fqsyp8svsws07sc6pz", "action_flag": 3, "change_message": ""}}, {"model": "admin.logentry", "pk": 270, "fields": {"action_time": "2022-07-23T21:49:41.016Z", "user": 1, "content_type": 10, "object_id": "32", "object_repr": "afb18pepp82kk2xbslhxgxrkq9ao78ci", "action_flag": 3, "change_message": ""}}, {"model": "admin.logentry", "pk": 271, "fields": {"action_time": "2022-07-23T21:49:41.021Z", "user": 1, "content_type": 10, "object_id": "31", "object_repr": "pfmz8vylzr4z5mijvtjak1u46bvcx9cg", "action_flag": 3, "change_message": ""}}, {"model": "admin.logentry", "pk": 272, "fields": {"action_time": "2022-07-23T21:49:41.027Z", "user": 1, "content_type": 10, "object_id": "30", "object_repr": "7fyfog4gkig4ixpwgk71krz6pn53b0st", "action_flag": 3, "change_message": ""}}, {"model": "admin.logentry", "pk": 273, "fields": {"action_time": "2022-07-23T21:49:41.033Z", "user": 1, "content_type": 10, "object_id": "29", "object_repr": "02feprq0b29j4emu5qplcgbsdleuzg1u", "action_flag": 3, "change_message": ""}}, {"model": "admin.logentry", "pk": 274, "fields": {"action_time": "2022-07-23T21:49:41.039Z", "user": 1, "content_type": 10, "object_id": "28", "object_repr": "kzsiu9mh4qzjdczebbh2uercp2ljsr98", "action_flag": 3, "change_message": ""}}, {"model": "admin.logentry", "pk": 275, "fields": {"action_time": "2022-07-23T21:49:41.046Z", "user": 1, "content_type": 10, "object_id": "27", "object_repr": "leuy6ymhxglahqzx7w1trsdpn64h7p0v", "action_flag": 3, "change_message": ""}}, {"model": "admin.logentry", "pk": 276, "fields": {"action_time": "2022-07-23T21:49:41.052Z", "user": 1, "content_type": 10, "object_id": "26", "object_repr": "292n12ak825bun1shb38jjgj1caytuak", "action_flag": 3, "change_message": ""}}, {"model": "admin.logentry", "pk": 277, "fields": {"action_time": "2022-07-23T21:49:41.059Z", "user": 1, "content_type": 10, "object_id": "25", "object_repr": "irb12qx8b4krucgq79zhjexxd3n31agx", "action_flag": 3, "change_message": ""}}, {"model": "admin.logentry", "pk": 278, "fields": {"action_time": "2022-07-23T21:49:41.064Z", "user": 1, "content_type": 10, "object_id": "24", "object_repr": "oqp9l7zbomqvw3uwa3wt3ifw7x3yf0ws", "action_flag": 3, "change_message": ""}}, {"model": "admin.logentry", "pk": 279, "fields": {"action_time": "2022-07-23T21:49:41.070Z", "user": 1, "content_type": 10, "object_id": "23", "object_repr": "eezejmre97rdds2pf6kyz5u9aivj4g89", "action_flag": 3, "change_message": ""}}, {"model": "admin.logentry", "pk": 280, "fields": {"action_time": "2022-07-23T21:49:41.076Z", "user": 1, "content_type": 10, "object_id": "22", "object_repr": "c1eqqpvhptnalf4bjh2ye0o06lonyfdj", "action_flag": 3, "change_message": ""}}, {"model": "admin.logentry", "pk": 281, "fields": {"action_time": "2022-07-23T21:49:41.081Z", "user": 1, "content_type": 10, "object_id": "21", "object_repr": "qk6x6eodah4qu3kuz9q0n50chrw9brj2", "action_flag": 3, "change_message": ""}}, {"model": "admin.logentry", "pk": 282, "fields": {"action_time": "2022-07-23T21:49:41.087Z", "user": 1, "content_type": 10, "object_id": "20", "object_repr": "l8iplf7zclwy8lk5nu91kvedhdmfe3z4", "action_flag": 3, "change_message": ""}}, {"model": "admin.logentry", "pk": 283, "fields": {"action_time": "2022-07-23T21:49:41.094Z", "user": 1, "content_type": 10, "object_id": "19", "object_repr": "mdk0exxc1cusg1q8t53krkolevaiinf4", "action_flag": 3, "change_message": ""}}, {"model": "admin.logentry", "pk": 284, "fields": {"action_time": "2022-07-23T21:49:41.100Z", "user": 1, "content_type": 10, "object_id": "18", "object_repr": "bezjkpm6uib5rykv6fwot8e25b26i9wn", "action_flag": 3, "change_message": ""}}, {"model": "admin.logentry", "pk": 285, "fields": {"action_time": "2022-07-23T21:49:41.105Z", "user": 1, "content_type": 10, "object_id": "17", "object_repr": "czbyk52nso93fnroj6457xude38ib513", "action_flag": 3, "change_message": ""}}, {"model": "admin.logentry", "pk": 286, "fields": {"action_time": "2022-07-23T21:49:41.111Z", "user": 1, "content_type": 10, "object_id": "16", "object_repr": "9mywbs7mp9qyfmozadrylmz9zv8hxooz", "action_flag": 3, "change_message": ""}}, {"model": "admin.logentry", "pk": 287, "fields": {"action_time": "2022-07-23T21:49:41.116Z", "user": 1, "content_type": 10, "object_id": "15", "object_repr": "bze6qxe2hhhyqe9bazth5lsyeo7pye15", "action_flag": 3, "change_message": ""}}, {"model": "admin.logentry", "pk": 288, "fields": {"action_time": "2022-07-23T21:49:41.122Z", "user": 1, "content_type": 10, "object_id": "14", "object_repr": "mt8x17b4q5cf7pmaroa06qnotitlovzt", "action_flag": 3, "change_message": ""}}, {"model": "admin.logentry", "pk": 289, "fields": {"action_time": "2022-07-23T21:49:41.128Z", "user": 1, "content_type": 10, "object_id": "13", "object_repr": "vtraqwh5b15t16wkamf3mb0icen763pm", "action_flag": 3, "change_message": ""}}, {"model": "admin.logentry", "pk": 290, "fields": {"action_time": "2022-07-23T21:49:41.134Z", "user": 1, "content_type": 10, "object_id": "12", "object_repr": "1ygwxmgxomlqwas9kgl50ob46zdpqsbb", "action_flag": 3, "change_message": ""}}, {"model": "admin.logentry", "pk": 291, "fields": {"action_time": "2022-07-23T21:49:41.139Z", "user": 1, "content_type": 10, "object_id": "11", "object_repr": "i027cuwfrdbxqavsfgpcvnmgt2zsqead", "action_flag": 3, "change_message": ""}}, {"model": "admin.logentry", "pk": 292, "fields": {"action_time": "2022-07-23T21:49:41.146Z", "user": 1, "content_type": 10, "object_id": "10", "object_repr": "m0f8vuc2bfkpdsidnhjzozwa6ez59l1o", "action_flag": 3, "change_message": ""}}, {"model": "admin.logentry", "pk": 293, "fields": {"action_time": "2022-07-23T21:49:41.152Z", "user": 1, "content_type": 10, "object_id": "9", "object_repr": "fcyl9g1r6mj7stuxlyygsxm5fhnwh3ev", "action_flag": 3, "change_message": ""}}, {"model": "admin.logentry", "pk": 294, "fields": {"action_time": "2022-07-23T21:49:41.157Z", "user": 1, "content_type": 10, "object_id": "8", "object_repr": "q4u5b48xbyn5zq7udyhohwn7ittjuna2", "action_flag": 3, "change_message": ""}}, {"model": "admin.logentry", "pk": 295, "fields": {"action_time": "2022-07-23T21:49:41.163Z", "user": 1, "content_type": 10, "object_id": "7", "object_repr": "3atyowanx9anl8lsxkvfoixwqtoak0ed", "action_flag": 3, "change_message": ""}}, {"model": "admin.logentry", "pk": 296, "fields": {"action_time": "2022-07-23T21:49:41.169Z", "user": 1, "content_type": 10, "object_id": "6", "object_repr": "74naf047pmy05shdtes3vy5dqbojwlyi", "action_flag": 3, "change_message": ""}}, {"model": "admin.logentry", "pk": 297, "fields": {"action_time": "2022-07-23T21:49:41.174Z", "user": 1, "content_type": 10, "object_id": "5", "object_repr": "dvjeg2vk0529kmi0twp82ngi8eoyzhkj", "action_flag": 3, "change_message": ""}}, {"model": "admin.logentry", "pk": 298, "fields": {"action_time": "2022-07-23T21:53:32.406Z", "user": 1, "content_type": 10, "object_id": "107", "object_repr": "uv3zf072yj7rfg1w3oqpwwd4szmizt32", "action_flag": 3, "change_message": ""}}, {"model": "admin.logentry", "pk": 299, "fields": {"action_time": "2022-07-23T21:53:32.413Z", "user": 1, "content_type": 10, "object_id": "106", "object_repr": "mvedzv0ozch3ykelgu05emy75b00z60n", "action_flag": 3, "change_message": ""}}, {"model": "admin.logentry", "pk": 300, "fields": {"action_time": "2022-07-23T21:53:32.418Z", "user": 1, "content_type": 10, "object_id": "105", "object_repr": "dso24i48iw6lp1oa12i1aig0ij2z35fo", "action_flag": 3, "change_message": ""}}, {"model": "admin.logentry", "pk": 301, "fields": {"action_time": "2022-07-23T21:53:32.424Z", "user": 1, "content_type": 10, "object_id": "104", "object_repr": "idr855e46lzjjw09n2fxt1qalsgkoe6p", "action_flag": 3, "change_message": ""}}, {"model": "admin.logentry", "pk": 302, "fields": {"action_time": "2022-07-23T21:53:32.429Z", "user": 1, "content_type": 10, "object_id": "103", "object_repr": "24daujvuft9izpv51qv27by6qfbbrv36", "action_flag": 3, "change_message": ""}}, {"model": "admin.logentry", "pk": 303, "fields": {"action_time": "2022-07-28T17:17:42.433Z", "user": 1, "content_type": 15, "object_id": "191", "object_repr": "Aadil", "action_flag": 2, "change_message": "[{\"changed\": {\"fields\": [\"Is ordered\"]}}]"}}, {"model": "admin.logentry", "pk": 304, "fields": {"action_time": "2022-07-28T17:20:06.745Z", "user": 1, "content_type": 15, "object_id": "191", "object_repr": "Aadil", "action_flag": 2, "change_message": "[{\"changed\": {\"fields\": [\"Is ordered\"]}}]"}}, {"model": "admin.logentry", "pk": 305, "fields": {"action_time": "2022-07-28T17:33:37.183Z", "user": 1, "content_type": 15, "object_id": "188", "object_repr": "Aadil", "action_flag": 3, "change_message": ""}}, {"model": "admin.logentry", "pk": 306, "fields": {"action_time": "2022-07-28T17:33:37.189Z", "user": 1, "content_type": 15, "object_id": "187", "object_repr": "Aadil", "action_flag": 3, "change_message": ""}}, {"model": "admin.logentry", "pk": 307, "fields": {"action_time": "2022-07-28T17:33:37.195Z", "user": 1, "content_type": 15, "object_id": "186", "object_repr": "Aadil", "action_flag": 3, "change_message": ""}}, {"model": "admin.logentry", "pk": 308, "fields": {"action_time": "2022-07-28T17:33:37.200Z", "user": 1, "content_type": 15, "object_id": "185", "object_repr": "Aadil", "action_flag": 3, "change_message": ""}}, {"model": "admin.logentry", "pk": 309, "fields": {"action_time": "2022-07-28T17:33:37.207Z", "user": 1, "content_type": 15, "object_id": "184", "object_repr": "Aadil", "action_flag": 3, "change_message": ""}}, {"model": "admin.logentry", "pk": 310, "fields": {"action_time": "2022-07-28T17:33:37.212Z", "user": 1, "content_type": 15, "object_id": "183", "object_repr": "Aadil", "action_flag": 3, "change_message": ""}}, {"model": "admin.logentry", "pk": 311, "fields": {"action_time": "2022-07-28T17:33:37.219Z", "user": 1, "content_type": 15, "object_id": "182", "object_repr": "Aadil", "action_flag": 3, "change_message": ""}}, {"model": "admin.logentry", "pk": 312, "fields": {"action_time": "2022-07-28T17:33:37.228Z", "user": 1, "content_type": 15, "object_id": "181", "object_repr": "Aadil", "action_flag": 3, "change_message": ""}}, {"model": "admin.logentry", "pk": 313, "fields": {"action_time": "2022-07-28T17:33:37.233Z", "user": 1, "content_type": 15, "object_id": "180", "object_repr": "Aadil", "action_flag": 3, "change_message": ""}}, {"model": "admin.logentry", "pk": 314, "fields": {"action_time": "2022-07-28T17:33:37.239Z", "user": 1, "content_type": 15, "object_id": "179", "object_repr": "Aadil", "action_flag": 3, "change_message": ""}}, {"model": "admin.logentry", "pk": 315, "fields": {"action_time": "2022-07-28T17:33:37.245Z", "user": 1, "content_type": 15, "object_id": "178", "object_repr": "Aadil", "action_flag": 3, "change_message": ""}}, {"model": "admin.logentry", "pk": 316, "fields": {"action_time": "2022-07-28T17:33:37.252Z", "user": 1, "content_type": 15, "object_id": "177", "object_repr": "Aadil", "action_flag": 3, "change_message": ""}}, {"model": "admin.logentry", "pk": 317, "fields": {"action_time": "2022-07-28T17:33:37.259Z", "user": 1, "content_type": 15, "object_id": "176", "object_repr": "Aadil", "action_flag": 3, "change_message": ""}}, {"model": "admin.logentry", "pk": 318, "fields": {"action_time": "2022-07-28T17:33:37.265Z", "user": 1, "content_type": 15, "object_id": "175", "object_repr": "Aadil", "action_flag": 3, "change_message": ""}}, {"model": "admin.logentry", "pk": 319, "fields": {"action_time": "2022-07-28T17:33:37.271Z", "user": 1, "content_type": 15, "object_id": "174", "object_repr": "Aadil", "action_flag": 3, "change_message": ""}}, {"model": "admin.logentry", "pk": 320, "fields": {"action_time": "2022-07-28T17:33:37.277Z", "user": 1, "content_type": 15, "object_id": "173", "object_repr": "Aadil", "action_flag": 3, "change_message": ""}}, {"model": "admin.logentry", "pk": 321, "fields": {"action_time": "2022-07-28T17:33:37.283Z", "user": 1, "content_type": 15, "object_id": "172", "object_repr": "Aadil", "action_flag": 3, "change_message": ""}}, {"model": "admin.logentry", "pk": 322, "fields": {"action_time": "2022-07-28T17:33:54.450Z", "user": 1, "content_type": 15, "object_id": "171", "object_repr": "Aadil", "action_flag": 3, "change_message": ""}}, {"model": "admin.logentry", "pk": 323, "fields": {"action_time": "2022-07-28T17:33:54.495Z", "user": 1, "content_type": 15, "object_id": "170", "object_repr": "Aadil", "action_flag": 3, "change_message": ""}}, {"model": "admin.logentry", "pk": 324, "fields": {"action_time": "2022-07-28T17:33:54.503Z", "user": 1, "content_type": 15, "object_id": "169", "object_repr": "Aadil", "action_flag": 3, "change_message": ""}}, {"model": "admin.logentry", "pk": 325, "fields": {"action_time": "2022-07-28T17:33:54.510Z", "user": 1, "content_type": 15, "object_id": "168", "object_repr": "Tech", "action_flag": 3, "change_message": ""}}, {"model": "admin.logentry", "pk": 326, "fields": {"action_time": "2022-07-28T17:33:54.517Z", "user": 1, "content_type": 15, "object_id": "167", "object_repr": "Tech", "action_flag": 3, "change_message": ""}}, {"model": "admin.logentry", "pk": 327, "fields": {"action_time": "2022-07-28T17:33:54.524Z", "user": 1, "content_type": 15, "object_id": "166", "object_repr": "Tech", "action_flag": 3, "change_message": ""}}, {"model": "admin.logentry", "pk": 328, "fields": {"action_time": "2022-07-28T17:33:54.530Z", "user": 1, "content_type": 15, "object_id": "165", "object_repr": "Tech", "action_flag": 3, "change_message": ""}}, {"model": "admin.logentry", "pk": 329, "fields": {"action_time": "2022-07-28T17:33:54.536Z", "user": 1, "content_type": 15, "object_id": "164", "object_repr": "Tech", "action_flag": 3, "change_message": ""}}, {"model": "admin.logentry", "pk": 330, "fields": {"action_time": "2022-07-28T17:33:54.543Z", "user": 1, "content_type": 15, "object_id": "163", "object_repr": "Tech", "action_flag": 3, "change_message": ""}}, {"model": "admin.logentry", "pk": 331, "fields": {"action_time": "2022-07-28T17:33:54.549Z", "user": 1, "content_type": 15, "object_id": "162", "object_repr": "Tech", "action_flag": 3, "change_message": ""}}, {"model": "admin.logentry", "pk": 332, "fields": {"action_time": "2022-07-28T17:33:54.555Z", "user": 1, "content_type": 15, "object_id": "161", "object_repr": "Tech", "action_flag": 3, "change_message": ""}}, {"model": "admin.logentry", "pk": 333, "fields": {"action_time": "2022-07-28T17:33:54.561Z", "user": 1, "content_type": 15, "object_id": "160", "object_repr": "Tech", "action_flag": 3, "change_message": ""}}, {"model": "admin.logentry", "pk": 334, "fields": {"action_time": "2022-07-28T17:33:54.568Z", "user": 1, "content_type": 15, "object_id": "159", "object_repr": "Tech", "action_flag": 3, "change_message": ""}}, {"model": "admin.logentry", "pk": 335, "fields": {"action_time": "2022-07-28T17:33:54.574Z", "user": 1, "content_type": 15, "object_id": "158", "object_repr": "Tech", "action_flag": 3, "change_message": ""}}, {"model": "admin.logentry", "pk": 336, "fields": {"action_time": "2022-07-28T17:33:54.581Z", "user": 1, "content_type": 15, "object_id": "157", "object_repr": "Tech", "action_flag": 3, "change_message": ""}}, {"model": "admin.logentry", "pk": 337, "fields": {"action_time": "2022-07-28T17:33:54.587Z", "user": 1, "content_type": 15, "object_id": "156", "object_repr": "gkorigin", "action_flag": 3, "change_message": ""}}, {"model": "admin.logentry", "pk": 338, "fields": {"action_time": "2022-07-28T17:33:54.592Z", "user": 1, "content_type": 15, "object_id": "155", "object_repr": "gkorigin", "action_flag": 3, "change_message": ""}}, {"model": "admin.logentry", "pk": 339, "fields": {"action_time": "2022-07-28T17:33:54.598Z", "user": 1, "content_type": 15, "object_id": "154", "object_repr": "gkorigin", "action_flag": 3, "change_message": ""}}, {"model": "admin.logentry", "pk": 340, "fields": {"action_time": "2022-07-28T17:33:54.605Z", "user": 1, "content_type": 15, "object_id": "153", "object_repr": "gkorigin", "action_flag": 3, "change_message": ""}}, {"model": "admin.logentry", "pk": 341, "fields": {"action_time": "2022-07-28T17:33:54.610Z", "user": 1, "content_type": 15, "object_id": "152", "object_repr": "gkorigin", "action_flag": 3, "change_message": ""}}, {"model": "admin.logentry", "pk": 342, "fields": {"action_time": "2022-07-28T17:33:54.617Z", "user": 1, "content_type": 15, "object_id": "151", "object_repr": "gkorigin", "action_flag": 3, "change_message": ""}}, {"model": "admin.logentry", "pk": 343, "fields": {"action_time": "2022-07-28T17:33:54.623Z", "user": 1, "content_type": 15, "object_id": "150", "object_repr": "gkorigin", "action_flag": 3, "change_message": ""}}, {"model": "admin.logentry", "pk": 344, "fields": {"action_time": "2022-07-28T17:33:54.629Z", "user": 1, "content_type": 15, "object_id": "149", "object_repr": "gkorigin", "action_flag": 3, "change_message": ""}}, {"model": "admin.logentry", "pk": 345, "fields": {"action_time": "2022-07-28T17:33:54.634Z", "user": 1, "content_type": 15, "object_id": "148", "object_repr": "gkorigin", "action_flag": 3, "change_message": ""}}, {"model": "admin.logentry", "pk": 346, "fields": {"action_time": "2022-07-28T17:33:54.640Z", "user": 1, "content_type": 15, "object_id": "147", "object_repr": "gkorigin", "action_flag": 3, "change_message": ""}}, {"model": "admin.logentry", "pk": 347, "fields": {"action_time": "2022-07-28T17:33:54.646Z", "user": 1, "content_type": 15, "object_id": "146", "object_repr": "gkorigin", "action_flag": 3, "change_message": ""}}, {"model": "admin.logentry", "pk": 348, "fields": {"action_time": "2022-07-28T17:33:54.653Z", "user": 1, "content_type": 15, "object_id": "145", "object_repr": "gkorigin", "action_flag": 3, "change_message": ""}}, {"model": "admin.logentry", "pk": 349, "fields": {"action_time": "2022-07-28T17:33:54.658Z", "user": 1, "content_type": 15, "object_id": "144", "object_repr": "gkorigin", "action_flag": 3, "change_message": ""}}, {"model": "admin.logentry", "pk": 350, "fields": {"action_time": "2022-07-28T17:33:54.664Z", "user": 1, "content_type": 15, "object_id": "143", "object_repr": "gkorigin", "action_flag": 3, "change_message": ""}}, {"model": "admin.logentry", "pk": 351, "fields": {"action_time": "2022-07-28T17:33:54.670Z", "user": 1, "content_type": 15, "object_id": "142", "object_repr": "gkorigin", "action_flag": 3, "change_message": ""}}, {"model": "admin.logentry", "pk": 352, "fields": {"action_time": "2022-07-28T17:33:54.676Z", "user": 1, "content_type": 15, "object_id": "141", "object_repr": "gkorigin", "action_flag": 3, "change_message": ""}}, {"model": "admin.logentry", "pk": 353, "fields": {"action_time": "2022-07-28T17:33:54.681Z", "user": 1, "content_type": 15, "object_id": "140", "object_repr": "gkorigin", "action_flag": 3, "change_message": ""}}, {"model": "admin.logentry", "pk": 354, "fields": {"action_time": "2022-07-28T17:33:54.687Z", "user": 1, "content_type": 15, "object_id": "139", "object_repr": "gkorigin", "action_flag": 3, "change_message": ""}}, {"model": "admin.logentry", "pk": 355, "fields": {"action_time": "2022-07-28T17:33:54.692Z", "user": 1, "content_type": 15, "object_id": "138", "object_repr": "gkorigin", "action_flag": 3, "change_message": ""}}, {"model": "admin.logentry", "pk": 356, "fields": {"action_time": "2022-07-28T17:33:54.698Z", "user": 1, "content_type": 15, "object_id": "137", "object_repr": "gkorigin", "action_flag": 3, "change_message": ""}}, {"model": "admin.logentry", "pk": 357, "fields": {"action_time": "2022-07-28T17:33:54.704Z", "user": 1, "content_type": 15, "object_id": "136", "object_repr": "gkorigin", "action_flag": 3, "change_message": ""}}, {"model": "admin.logentry", "pk": 358, "fields": {"action_time": "2022-07-28T17:33:54.709Z", "user": 1, "content_type": 15, "object_id": "135", "object_repr": "gkorigin", "action_flag": 3, "change_message": ""}}, {"model": "admin.logentry", "pk": 359, "fields": {"action_time": "2022-07-28T17:33:54.715Z", "user": 1, "content_type": 15, "object_id": "134", "object_repr": "gkorigin", "action_flag": 3, "change_message": ""}}, {"model": "admin.logentry", "pk": 360, "fields": {"action_time": "2022-07-28T17:33:54.721Z", "user": 1, "content_type": 15, "object_id": "133", "object_repr": "gkorigin", "action_flag": 3, "change_message": ""}}, {"model": "admin.logentry", "pk": 361, "fields": {"action_time": "2022-07-28T17:33:54.728Z", "user": 1, "content_type": 15, "object_id": "132", "object_repr": "gkorigin", "action_flag": 3, "change_message": ""}}, {"model": "admin.logentry", "pk": 362, "fields": {"action_time": "2022-07-28T17:33:54.734Z", "user": 1, "content_type": 15, "object_id": "131", "object_repr": "gkorigin", "action_flag": 3, "change_message": ""}}, {"model": "admin.logentry", "pk": 363, "fields": {"action_time": "2022-07-28T17:33:54.742Z", "user": 1, "content_type": 15, "object_id": "130", "object_repr": "gkorigin", "action_flag": 3, "change_message": ""}}, {"model": "admin.logentry", "pk": 364, "fields": {"action_time": "2022-07-28T17:33:54.747Z", "user": 1, "content_type": 15, "object_id": "129", "object_repr": "gkorigin", "action_flag": 3, "change_message": ""}}, {"model": "admin.logentry", "pk": 365, "fields": {"action_time": "2022-07-28T17:33:54.753Z", "user": 1, "content_type": 15, "object_id": "128", "object_repr": "gkorigin", "action_flag": 3, "change_message": ""}}, {"model": "admin.logentry", "pk": 366, "fields": {"action_time": "2022-07-28T17:33:54.759Z", "user": 1, "content_type": 15, "object_id": "127", "object_repr": "gkorigin", "action_flag": 3, "change_message": ""}}, {"model": "admin.logentry", "pk": 367, "fields": {"action_time": "2022-07-28T17:33:54.765Z", "user": 1, "content_type": 15, "object_id": "126", "object_repr": "gkorigin", "action_flag": 3, "change_message": ""}}, {"model": "admin.logentry", "pk": 368, "fields": {"action_time": "2022-07-28T17:33:54.771Z", "user": 1, "content_type": 15, "object_id": "125", "object_repr": "gkorigin", "action_flag": 3, "change_message": ""}}, {"model": "admin.logentry", "pk": 369, "fields": {"action_time": "2022-07-28T17:33:54.777Z", "user": 1, "content_type": 15, "object_id": "124", "object_repr": "gkorigin", "action_flag": 3, "change_message": ""}}, {"model": "admin.logentry", "pk": 370, "fields": {"action_time": "2022-07-28T17:33:54.782Z", "user": 1, "content_type": 15, "object_id": "123", "object_repr": "gkorigin", "action_flag": 3, "change_message": ""}}, {"model": "admin.logentry", "pk": 371, "fields": {"action_time": "2022-07-28T17:33:54.790Z", "user": 1, "content_type": 15, "object_id": "122", "object_repr": "gkorigin", "action_flag": 3, "change_message": ""}}, {"model": "admin.logentry", "pk": 372, "fields": {"action_time": "2022-07-28T17:33:54.795Z", "user": 1, "content_type": 15, "object_id": "121", "object_repr": "gkorigin", "action_flag": 3, "change_message": ""}}, {"model": "admin.logentry", "pk": 373, "fields": {"action_time": "2022-07-28T17:33:54.801Z", "user": 1, "content_type": 15, "object_id": "120", "object_repr": "gkorigin", "action_flag": 3, "change_message": ""}}, {"model": "admin.logentry", "pk": 374, "fields": {"action_time": "2022-07-28T17:33:54.807Z", "user": 1, "content_type": 15, "object_id": "119", "object_repr": "gkorigin", "action_flag": 3, "change_message": ""}}, {"model": "admin.logentry", "pk": 375, "fields": {"action_time": "2022-07-28T17:33:54.813Z", "user": 1, "content_type": 15, "object_id": "118", "object_repr": "gkorigin", "action_flag": 3, "change_message": ""}}, {"model": "admin.logentry", "pk": 376, "fields": {"action_time": "2022-07-28T17:33:54.818Z", "user": 1, "content_type": 15, "object_id": "117", "object_repr": "gkorigin", "action_flag": 3, "change_message": ""}}, {"model": "admin.logentry", "pk": 377, "fields": {"action_time": "2022-07-28T17:33:54.825Z", "user": 1, "content_type": 15, "object_id": "116", "object_repr": "gkorigin", "action_flag": 3, "change_message": ""}}, {"model": "admin.logentry", "pk": 378, "fields": {"action_time": "2022-07-28T17:33:54.831Z", "user": 1, "content_type": 15, "object_id": "115", "object_repr": "gkorigin", "action_flag": 3, "change_message": ""}}, {"model": "admin.logentry", "pk": 379, "fields": {"action_time": "2022-07-28T17:33:54.837Z", "user": 1, "content_type": 15, "object_id": "114", "object_repr": "gkorigin", "action_flag": 3, "change_message": ""}}, {"model": "admin.logentry", "pk": 380, "fields": {"action_time": "2022-07-28T17:33:54.842Z", "user": 1, "content_type": 15, "object_id": "113", "object_repr": "gkorigin", "action_flag": 3, "change_message": ""}}, {"model": "admin.logentry", "pk": 381, "fields": {"action_time": "2022-07-28T17:33:54.849Z", "user": 1, "content_type": 15, "object_id": "112", "object_repr": "gkorigin", "action_flag": 3, "change_message": ""}}, {"model": "admin.logentry", "pk": 382, "fields": {"action_time": "2022-07-28T17:33:54.856Z", "user": 1, "content_type": 15, "object_id": "111", "object_repr": "gkorigin", "action_flag": 3, "change_message": ""}}, {"model": "admin.logentry", "pk": 383, "fields": {"action_time": "2022-07-28T17:33:54.862Z", "user": 1, "content_type": 15, "object_id": "110", "object_repr": "gkorigin", "action_flag": 3, "change_message": ""}}, {"model": "admin.logentry", "pk": 384, "fields": {"action_time": "2022-07-28T17:33:54.867Z", "user": 1, "content_type": 15, "object_id": "109", "object_repr": "gkorigin", "action_flag": 3, "change_message": ""}}, {"model": "admin.logentry", "pk": 385, "fields": {"action_time": "2022-07-28T17:33:54.873Z", "user": 1, "content_type": 15, "object_id": "108", "object_repr": "gkorigin", "action_flag": 3, "change_message": ""}}, {"model": "admin.logentry", "pk": 386, "fields": {"action_time": "2022-07-28T17:33:54.879Z", "user": 1, "content_type": 15, "object_id": "107", "object_repr": "gkorigin", "action_flag": 3, "change_message": ""}}, {"model": "admin.logentry", "pk": 387, "fields": {"action_time": "2022-07-28T17:33:54.885Z", "user": 1, "content_type": 15, "object_id": "106", "object_repr": "gkorigin", "action_flag": 3, "change_message": ""}}, {"model": "admin.logentry", "pk": 388, "fields": {"action_time": "2022-07-28T17:33:54.890Z", "user": 1, "content_type": 15, "object_id": "105", "object_repr": "gkorigin", "action_flag": 3, "change_message": ""}}, {"model": "admin.logentry", "pk": 389, "fields": {"action_time": "2022-07-28T17:33:54.896Z", "user": 1, "content_type": 15, "object_id": "104", "object_repr": "gkorigin", "action_flag": 3, "change_message": ""}}, {"model": "admin.logentry", "pk": 390, "fields": {"action_time": "2022-07-28T17:33:54.902Z", "user": 1, "content_type": 15, "object_id": "103", "object_repr": "gkorigin", "action_flag": 3, "change_message": ""}}, {"model": "admin.logentry", "pk": 391, "fields": {"action_time": "2022-07-28T17:33:54.908Z", "user": 1, "content_type": 15, "object_id": "102", "object_repr": "gkorigin", "action_flag": 3, "change_message": ""}}, {"model": "admin.logentry", "pk": 392, "fields": {"action_time": "2022-07-28T17:33:54.914Z", "user": 1, "content_type": 15, "object_id": "101", "object_repr": "gkorigin", "action_flag": 3, "change_message": ""}}, {"model": "admin.logentry", "pk": 393, "fields": {"action_time": "2022-07-28T17:33:54.920Z", "user": 1, "content_type": 15, "object_id": "100", "object_repr": "gkorigin", "action_flag": 3, "change_message": ""}}, {"model": "admin.logentry", "pk": 394, "fields": {"action_time": "2022-07-28T17:33:54.926Z", "user": 1, "content_type": 15, "object_id": "99", "object_repr": "gkorigin", "action_flag": 3, "change_message": ""}}, {"model": "admin.logentry", "pk": 395, "fields": {"action_time": "2022-07-28T17:33:54.933Z", "user": 1, "content_type": 15, "object_id": "98", "object_repr": "gkorigin", "action_flag": 3, "change_message": ""}}, {"model": "admin.logentry", "pk": 396, "fields": {"action_time": "2022-07-28T17:33:54.938Z", "user": 1, "content_type": 15, "object_id": "97", "object_repr": "gkorigin", "action_flag": 3, "change_message": ""}}, {"model": "admin.logentry", "pk": 397, "fields": {"action_time": "2022-07-28T17:33:54.944Z", "user": 1, "content_type": 15, "object_id": "96", "object_repr": "gkorigin", "action_flag": 3, "change_message": ""}}, {"model": "admin.logentry", "pk": 398, "fields": {"action_time": "2022-07-28T17:33:54.950Z", "user": 1, "content_type": 15, "object_id": "95", "object_repr": "gkorigin", "action_flag": 3, "change_message": ""}}, {"model": "admin.logentry", "pk": 399, "fields": {"action_time": "2022-07-28T17:33:54.955Z", "user": 1, "content_type": 15, "object_id": "94", "object_repr": "gkorigin", "action_flag": 3, "change_message": ""}}, {"model": "admin.logentry", "pk": 400, "fields": {"action_time": "2022-07-28T17:33:54.961Z", "user": 1, "content_type": 15, "object_id": "93", "object_repr": "gkorigin", "action_flag": 3, "change_message": ""}}, {"model": "admin.logentry", "pk": 401, "fields": {"action_time": "2022-07-28T17:33:54.967Z", "user": 1, "content_type": 15, "object_id": "92", "object_repr": "gkorigin", "action_flag": 3, "change_message": ""}}, {"model": "admin.logentry", "pk": 402, "fields": {"action_time": "2022-07-28T17:33:54.973Z", "user": 1, "content_type": 15, "object_id": "91", "object_repr": "gkorigin", "action_flag": 3, "change_message": ""}}, {"model": "admin.logentry", "pk": 403, "fields": {"action_time": "2022-07-28T17:33:54.978Z", "user": 1, "content_type": 15, "object_id": "90", "object_repr": "gkorigin", "action_flag": 3, "change_message": ""}}, {"model": "admin.logentry", "pk": 404, "fields": {"action_time": "2022-07-28T17:33:54.985Z", "user": 1, "content_type": 15, "object_id": "89", "object_repr": "gkorigin", "action_flag": 3, "change_message": ""}}, {"model": "admin.logentry", "pk": 405, "fields": {"action_time": "2022-07-28T17:33:54.991Z", "user": 1, "content_type": 15, "object_id": "88", "object_repr": "gkorigin", "action_flag": 3, "change_message": ""}}, {"model": "admin.logentry", "pk": 406, "fields": {"action_time": "2022-07-28T17:33:54.997Z", "user": 1, "content_type": 15, "object_id": "87", "object_repr": "gkorigin", "action_flag": 3, "change_message": ""}}, {"model": "admin.logentry", "pk": 407, "fields": {"action_time": "2022-07-28T17:33:55.002Z", "user": 1, "content_type": 15, "object_id": "86", "object_repr": "gkorigin", "action_flag": 3, "change_message": ""}}, {"model": "admin.logentry", "pk": 408, "fields": {"action_time": "2022-07-28T17:33:55.008Z", "user": 1, "content_type": 15, "object_id": "85", "object_repr": "gkorigin", "action_flag": 3, "change_message": ""}}, {"model": "admin.logentry", "pk": 409, "fields": {"action_time": "2022-07-28T17:33:55.014Z", "user": 1, "content_type": 15, "object_id": "84", "object_repr": "gkorigin", "action_flag": 3, "change_message": ""}}, {"model": "admin.logentry", "pk": 410, "fields": {"action_time": "2022-07-28T17:33:55.021Z", "user": 1, "content_type": 15, "object_id": "83", "object_repr": "gkorigin", "action_flag": 3, "change_message": ""}}, {"model": "admin.logentry", "pk": 411, "fields": {"action_time": "2022-07-28T17:33:55.027Z", "user": 1, "content_type": 15, "object_id": "82", "object_repr": "gkorigin", "action_flag": 3, "change_message": ""}}, {"model": "admin.logentry", "pk": 412, "fields": {"action_time": "2022-07-28T17:33:55.034Z", "user": 1, "content_type": 15, "object_id": "81", "object_repr": "gkorigin", "action_flag": 3, "change_message": ""}}, {"model": "admin.logentry", "pk": 413, "fields": {"action_time": "2022-07-28T17:33:55.039Z", "user": 1, "content_type": 15, "object_id": "80", "object_repr": "gkorigin", "action_flag": 3, "change_message": ""}}, {"model": "admin.logentry", "pk": 414, "fields": {"action_time": "2022-07-28T17:33:55.045Z", "user": 1, "content_type": 15, "object_id": "79", "object_repr": "gkorigin", "action_flag": 3, "change_message": ""}}, {"model": "admin.logentry", "pk": 415, "fields": {"action_time": "2022-07-28T17:33:55.051Z", "user": 1, "content_type": 15, "object_id": "78", "object_repr": "gkorigin", "action_flag": 3, "change_message": ""}}, {"model": "admin.logentry", "pk": 416, "fields": {"action_time": "2022-07-28T17:33:55.057Z", "user": 1, "content_type": 15, "object_id": "77", "object_repr": "gkorigin", "action_flag": 3, "change_message": ""}}, {"model": "admin.logentry", "pk": 417, "fields": {"action_time": "2022-07-28T17:33:55.064Z", "user": 1, "content_type": 15, "object_id": "76", "object_repr": "gkorigin", "action_flag": 3, "change_message": ""}}, {"model": "admin.logentry", "pk": 418, "fields": {"action_time": "2022-07-28T17:33:55.069Z", "user": 1, "content_type": 15, "object_id": "75", "object_repr": "gkorigin", "action_flag": 3, "change_message": ""}}, {"model": "admin.logentry", "pk": 419, "fields": {"action_time": "2022-07-28T17:33:55.075Z", "user": 1, "content_type": 15, "object_id": "74", "object_repr": "gkorigin", "action_flag": 3, "change_message": ""}}, {"model": "admin.logentry", "pk": 420, "fields": {"action_time": "2022-07-28T17:33:55.080Z", "user": 1, "content_type": 15, "object_id": "73", "object_repr": "gkorigin", "action_flag": 3, "change_message": ""}}, {"model": "admin.logentry", "pk": 421, "fields": {"action_time": "2022-07-28T17:33:55.086Z", "user": 1, "content_type": 15, "object_id": "72", "object_repr": "gkorigin", "action_flag": 3, "change_message": ""}}, {"model": "admin.logentry", "pk": 422, "fields": {"action_time": "2022-07-28T17:33:55.093Z", "user": 1, "content_type": 15, "object_id": "71", "object_repr": "gkorigin", "action_flag": 3, "change_message": ""}}, {"model": "admin.logentry", "pk": 423, "fields": {"action_time": "2022-07-28T17:33:55.098Z", "user": 1, "content_type": 15, "object_id": "70", "object_repr": "gkorigin", "action_flag": 3, "change_message": ""}}, {"model": "admin.logentry", "pk": 424, "fields": {"action_time": "2022-07-28T17:33:55.104Z", "user": 1, "content_type": 15, "object_id": "69", "object_repr": "gkorigin", "action_flag": 3, "change_message": ""}}, {"model": "admin.logentry", "pk": 425, "fields": {"action_time": "2022-07-28T17:33:55.110Z", "user": 1, "content_type": 15, "object_id": "68", "object_repr": "gkorigin", "action_flag": 3, "change_message": ""}}, {"model": "admin.logentry", "pk": 426, "fields": {"action_time": "2022-07-28T17:33:55.115Z", "user": 1, "content_type": 15, "object_id": "67", "object_repr": "gkorigin", "action_flag": 3, "change_message": ""}}, {"model": "admin.logentry", "pk": 427, "fields": {"action_time": "2022-07-28T17:33:55.121Z", "user": 1, "content_type": 15, "object_id": "66", "object_repr": "gkorigin", "action_flag": 3, "change_message": ""}}, {"model": "admin.logentry", "pk": 428, "fields": {"action_time": "2022-07-28T17:33:55.127Z", "user": 1, "content_type": 15, "object_id": "65", "object_repr": "gkorigin", "action_flag": 3, "change_message": ""}}, {"model": "admin.logentry", "pk": 429, "fields": {"action_time": "2022-07-28T17:33:55.132Z", "user": 1, "content_type": 15, "object_id": "64", "object_repr": "gkorigin", "action_flag": 3, "change_message": ""}}, {"model": "admin.logentry", "pk": 430, "fields": {"action_time": "2022-07-28T17:33:55.138Z", "user": 1, "content_type": 15, "object_id": "63", "object_repr": "gkorigin", "action_flag": 3, "change_message": ""}}, {"model": "admin.logentry", "pk": 431, "fields": {"action_time": "2022-07-28T17:33:55.144Z", "user": 1, "content_type": 15, "object_id": "62", "object_repr": "gkorigin", "action_flag": 3, "change_message": ""}}, {"model": "admin.logentry", "pk": 432, "fields": {"action_time": "2022-07-28T17:33:55.150Z", "user": 1, "content_type": 15, "object_id": "61", "object_repr": "gkorigin", "action_flag": 3, "change_message": ""}}, {"model": "admin.logentry", "pk": 433, "fields": {"action_time": "2022-07-28T17:33:55.155Z", "user": 1, "content_type": 15, "object_id": "60", "object_repr": "gkorigin", "action_flag": 3, "change_message": ""}}, {"model": "admin.logentry", "pk": 434, "fields": {"action_time": "2022-07-28T17:33:55.161Z", "user": 1, "content_type": 15, "object_id": "59", "object_repr": "gkorigin", "action_flag": 3, "change_message": ""}}, {"model": "admin.logentry", "pk": 435, "fields": {"action_time": "2022-07-28T17:33:55.167Z", "user": 1, "content_type": 15, "object_id": "58", "object_repr": "gkorigin", "action_flag": 3, "change_message": ""}}, {"model": "admin.logentry", "pk": 436, "fields": {"action_time": "2022-07-28T17:33:55.173Z", "user": 1, "content_type": 15, "object_id": "57", "object_repr": "gkorigin", "action_flag": 3, "change_message": ""}}, {"model": "admin.logentry", "pk": 437, "fields": {"action_time": "2022-07-28T17:33:55.178Z", "user": 1, "content_type": 15, "object_id": "56", "object_repr": "gkorigin", "action_flag": 3, "change_message": ""}}, {"model": "admin.logentry", "pk": 438, "fields": {"action_time": "2022-07-28T17:33:55.184Z", "user": 1, "content_type": 15, "object_id": "55", "object_repr": "gkorigin", "action_flag": 3, "change_message": ""}}, {"model": "admin.logentry", "pk": 439, "fields": {"action_time": "2022-07-28T17:33:55.190Z", "user": 1, "content_type": 15, "object_id": "54", "object_repr": "gkorigin", "action_flag": 3, "change_message": ""}}, {"model": "admin.logentry", "pk": 440, "fields": {"action_time": "2022-07-28T17:33:55.196Z", "user": 1, "content_type": 15, "object_id": "53", "object_repr": "gkorigin", "action_flag": 3, "change_message": ""}}, {"model": "admin.logentry", "pk": 441, "fields": {"action_time": "2022-07-28T17:33:55.202Z", "user": 1, "content_type": 15, "object_id": "52", "object_repr": "gkorigin", "action_flag": 3, "change_message": ""}}, {"model": "admin.logentry", "pk": 442, "fields": {"action_time": "2022-07-28T17:33:55.207Z", "user": 1, "content_type": 15, "object_id": "51", "object_repr": "gkorigin", "action_flag": 3, "change_message": ""}}, {"model": "admin.logentry", "pk": 443, "fields": {"action_time": "2022-07-28T17:33:55.213Z", "user": 1, "content_type": 15, "object_id": "50", "object_repr": "gkorigin", "action_flag": 3, "change_message": ""}}, {"model": "admin.logentry", "pk": 444, "fields": {"action_time": "2022-07-28T17:33:55.219Z", "user": 1, "content_type": 15, "object_id": "49", "object_repr": "gkorigin", "action_flag": 3, "change_message": ""}}, {"model": "admin.logentry", "pk": 445, "fields": {"action_time": "2022-07-28T17:33:55.224Z", "user": 1, "content_type": 15, "object_id": "48", "object_repr": "gkorigin", "action_flag": 3, "change_message": ""}}, {"model": "admin.logentry", "pk": 446, "fields": {"action_time": "2022-07-28T17:33:55.230Z", "user": 1, "content_type": 15, "object_id": "47", "object_repr": "gkorigin", "action_flag": 3, "change_message": ""}}, {"model": "admin.logentry", "pk": 447, "fields": {"action_time": "2022-07-28T17:33:55.236Z", "user": 1, "content_type": 15, "object_id": "46", "object_repr": "gkorigin", "action_flag": 3, "change_message": ""}}, {"model": "admin.logentry", "pk": 448, "fields": {"action_time": "2022-07-28T17:33:55.241Z", "user": 1, "content_type": 15, "object_id": "45", "object_repr": "gkorigin", "action_flag": 3, "change_message": ""}}, {"model": "admin.logentry", "pk": 449, "fields": {"action_time": "2022-07-28T17:33:55.247Z", "user": 1, "content_type": 15, "object_id": "44", "object_repr": "gkorigin", "action_flag": 3, "change_message": ""}}, {"model": "admin.logentry", "pk": 450, "fields": {"action_time": "2022-07-28T17:33:55.253Z", "user": 1, "content_type": 15, "object_id": "43", "object_repr": "gkorigin", "action_flag": 3, "change_message": ""}}, {"model": "admin.logentry", "pk": 451, "fields": {"action_time": "2022-07-28T17:33:55.259Z", "user": 1, "content_type": 15, "object_id": "42", "object_repr": "gkorigin", "action_flag": 3, "change_message": ""}}, {"model": "admin.logentry", "pk": 452, "fields": {"action_time": "2022-07-28T17:33:55.266Z", "user": 1, "content_type": 15, "object_id": "41", "object_repr": "gkorigin", "action_flag": 3, "change_message": ""}}, {"model": "admin.logentry", "pk": 453, "fields": {"action_time": "2022-07-28T17:33:55.271Z", "user": 1, "content_type": 15, "object_id": "40", "object_repr": "gkorigin", "action_flag": 3, "change_message": ""}}, {"model": "admin.logentry", "pk": 454, "fields": {"action_time": "2022-07-28T17:33:55.277Z", "user": 1, "content_type": 15, "object_id": "39", "object_repr": "gkorigin", "action_flag": 3, "change_message": ""}}, {"model": "admin.logentry", "pk": 455, "fields": {"action_time": "2022-07-28T17:33:55.283Z", "user": 1, "content_type": 15, "object_id": "38", "object_repr": "gkorigin", "action_flag": 3, "change_message": ""}}, {"model": "admin.logentry", "pk": 456, "fields": {"action_time": "2022-07-28T17:33:55.289Z", "user": 1, "content_type": 15, "object_id": "37", "object_repr": "gkorigin", "action_flag": 3, "change_message": ""}}, {"model": "admin.logentry", "pk": 457, "fields": {"action_time": "2022-07-28T17:33:55.295Z", "user": 1, "content_type": 15, "object_id": "36", "object_repr": "gkorigin", "action_flag": 3, "change_message": ""}}, {"model": "admin.logentry", "pk": 458, "fields": {"action_time": "2022-07-28T17:33:55.301Z", "user": 1, "content_type": 15, "object_id": "35", "object_repr": "gkorigin", "action_flag": 3, "change_message": ""}}, {"model": "admin.logentry", "pk": 459, "fields": {"action_time": "2022-07-28T17:33:55.307Z", "user": 1, "content_type": 15, "object_id": "34", "object_repr": "gkorigin", "action_flag": 3, "change_message": ""}}, {"model": "admin.logentry", "pk": 460, "fields": {"action_time": "2022-07-28T17:33:55.313Z", "user": 1, "content_type": 15, "object_id": "33", "object_repr": "gkorigin", "action_flag": 3, "change_message": ""}}, {"model": "admin.logentry", "pk": 461, "fields": {"action_time": "2022-07-28T17:33:55.319Z", "user": 1, "content_type": 15, "object_id": "32", "object_repr": "gkorigin", "action_flag": 3, "change_message": ""}}, {"model": "admin.logentry", "pk": 462, "fields": {"action_time": "2022-07-28T17:33:55.325Z", "user": 1, "content_type": 15, "object_id": "31", "object_repr": "gkorigin", "action_flag": 3, "change_message": ""}}, {"model": "admin.logentry", "pk": 463, "fields": {"action_time": "2022-07-28T17:33:55.330Z", "user": 1, "content_type": 15, "object_id": "30", "object_repr": "gkorigin", "action_flag": 3, "change_message": ""}}, {"model": "admin.logentry", "pk": 464, "fields": {"action_time": "2022-07-28T17:33:55.336Z", "user": 1, "content_type": 15, "object_id": "29", "object_repr": "gkorigin", "action_flag": 3, "change_message": ""}}, {"model": "admin.logentry", "pk": 465, "fields": {"action_time": "2022-07-28T17:33:55.342Z", "user": 1, "content_type": 15, "object_id": "28", "object_repr": "gkorigin", "action_flag": 3, "change_message": ""}}, {"model": "admin.logentry", "pk": 466, "fields": {"action_time": "2022-07-28T17:33:55.349Z", "user": 1, "content_type": 15, "object_id": "27", "object_repr": "gkorigin", "action_flag": 3, "change_message": ""}}, {"model": "admin.logentry", "pk": 467, "fields": {"action_time": "2022-07-28T17:33:55.355Z", "user": 1, "content_type": 15, "object_id": "26", "object_repr": "gkorigin", "action_flag": 3, "change_message": ""}}, {"model": "admin.logentry", "pk": 468, "fields": {"action_time": "2022-07-28T17:33:55.361Z", "user": 1, "content_type": 15, "object_id": "25", "object_repr": "gkorigin", "action_flag": 3, "change_message": ""}}, {"model": "admin.logentry", "pk": 469, "fields": {"action_time": "2022-07-28T17:33:55.366Z", "user": 1, "content_type": 15, "object_id": "24", "object_repr": "gkorigin", "action_flag": 3, "change_message": ""}}, {"model": "admin.logentry", "pk": 470, "fields": {"action_time": "2022-07-28T17:33:55.373Z", "user": 1, "content_type": 15, "object_id": "23", "object_repr": "gkorigin", "action_flag": 3, "change_message": ""}}, {"model": "admin.logentry", "pk": 471, "fields": {"action_time": "2022-07-28T17:33:55.378Z", "user": 1, "content_type": 15, "object_id": "22", "object_repr": "gkorigin", "action_flag": 3, "change_message": ""}}, {"model": "admin.logentry", "pk": 472, "fields": {"action_time": "2022-07-28T17:33:55.385Z", "user": 1, "content_type": 15, "object_id": "21", "object_repr": "gkorigin", "action_flag": 3, "change_message": ""}}, {"model": "admin.logentry", "pk": 473, "fields": {"action_time": "2022-07-28T17:33:55.390Z", "user": 1, "content_type": 15, "object_id": "20", "object_repr": "gkorigin", "action_flag": 3, "change_message": ""}}, {"model": "admin.logentry", "pk": 474, "fields": {"action_time": "2022-07-28T17:33:55.396Z", "user": 1, "content_type": 15, "object_id": "19", "object_repr": "gkorigin", "action_flag": 3, "change_message": ""}}, {"model": "admin.logentry", "pk": 475, "fields": {"action_time": "2022-07-28T17:33:55.401Z", "user": 1, "content_type": 15, "object_id": "18", "object_repr": "gkorigin", "action_flag": 3, "change_message": ""}}, {"model": "admin.logentry", "pk": 476, "fields": {"action_time": "2022-07-28T17:33:55.407Z", "user": 1, "content_type": 15, "object_id": "17", "object_repr": "gkorigin", "action_flag": 3, "change_message": ""}}, {"model": "admin.logentry", "pk": 477, "fields": {"action_time": "2022-07-28T17:33:55.412Z", "user": 1, "content_type": 15, "object_id": "16", "object_repr": "gkorigin", "action_flag": 3, "change_message": ""}}, {"model": "admin.logentry", "pk": 478, "fields": {"action_time": "2022-07-28T17:33:55.418Z", "user": 1, "content_type": 15, "object_id": "15", "object_repr": "gkorigin", "action_flag": 3, "change_message": ""}}, {"model": "admin.logentry", "pk": 479, "fields": {"action_time": "2022-07-28T17:33:55.423Z", "user": 1, "content_type": 15, "object_id": "14", "object_repr": "gkorigin", "action_flag": 3, "change_message": ""}}, {"model": "admin.logentry", "pk": 480, "fields": {"action_time": "2022-07-28T17:33:55.429Z", "user": 1, "content_type": 15, "object_id": "13", "object_repr": "gkorigin", "action_flag": 3, "change_message": ""}}, {"model": "admin.logentry", "pk": 481, "fields": {"action_time": "2022-07-28T17:33:55.434Z", "user": 1, "content_type": 15, "object_id": "12", "object_repr": "gkorigin", "action_flag": 3, "change_message": ""}}, {"model": "admin.logentry", "pk": 482, "fields": {"action_time": "2022-07-28T17:33:55.440Z", "user": 1, "content_type": 15, "object_id": "11", "object_repr": "gkorigin", "action_flag": 3, "change_message": ""}}, {"model": "admin.logentry", "pk": 483, "fields": {"action_time": "2022-07-28T17:33:55.445Z", "user": 1, "content_type": 15, "object_id": "10", "object_repr": "gkorigin", "action_flag": 3, "change_message": ""}}, {"model": "admin.logentry", "pk": 484, "fields": {"action_time": "2022-07-28T17:33:55.451Z", "user": 1, "content_type": 15, "object_id": "9", "object_repr": "gkorigin", "action_flag": 3, "change_message": ""}}, {"model": "admin.logentry", "pk": 485, "fields": {"action_time": "2022-07-28T17:33:55.456Z", "user": 1, "content_type": 15, "object_id": "8", "object_repr": "gkorigin", "action_flag": 3, "change_message": ""}}, {"model": "admin.logentry", "pk": 486, "fields": {"action_time": "2022-07-28T17:33:55.461Z", "user": 1, "content_type": 15, "object_id": "7", "object_repr": "gkorigin", "action_flag": 3, "change_message": ""}}, {"model": "admin.logentry", "pk": 487, "fields": {"action_time": "2022-07-28T17:33:55.467Z", "user": 1, "content_type": 15, "object_id": "6", "object_repr": "gkorigin", "action_flag": 3, "change_message": ""}}, {"model": "admin.logentry", "pk": 488, "fields": {"action_time": "2022-07-28T17:33:55.474Z", "user": 1, "content_type": 15, "object_id": "5", "object_repr": "gkorigin", "action_flag": 3, "change_message": ""}}, {"model": "admin.logentry", "pk": 489, "fields": {"action_time": "2022-07-28T17:33:55.480Z", "user": 1, "content_type": 15, "object_id": "4", "object_repr": "gkorigin", "action_flag": 3, "change_message": ""}}, {"model": "admin.logentry", "pk": 490, "fields": {"action_time": "2022-07-28T17:33:55.486Z", "user": 1, "content_type": 15, "object_id": "3", "object_repr": "gkorigin", "action_flag": 3, "change_message": ""}}, {"model": "admin.logentry", "pk": 491, "fields": {"action_time": "2022-07-28T17:33:55.493Z", "user": 1, "content_type": 15, "object_id": "2", "object_repr": "gkorigin", "action_flag": 3, "change_message": ""}}, {"model": "admin.logentry", "pk": 492, "fields": {"action_time": "2022-07-28T17:33:55.498Z", "user": 1, "content_type": 15, "object_id": "1", "object_repr": "Aadil", "action_flag": 3, "change_message": ""}}, {"model": "admin.logentry", "pk": 493, "fields": {"action_time": "2022-07-28T17:34:21.696Z", "user": 1, "content_type": 15, "object_id": "191", "object_repr": "Aadil", "action_flag": 3, "change_message": ""}}, {"model": "admin.logentry", "pk": 494, "fields": {"action_time": "2022-08-01T20:46:25.599Z", "user": 1, "content_type": 17, "object_id": "1", "object_repr": "nice", "action_flag": 3, "change_message": ""}}, {"model": "admin.logentry", "pk": 495, "fields": {"action_time": "2022-08-05T21:28:22.605Z", "user": 1, "content_type": 18, "object_id": "1", "object_repr": "tech", "action_flag": 1, "change_message": "[{\"added\": {}}]"}}, {"model": "admin.logentry", "pk": 496, "fields": {"action_time": "2022-08-05T21:45:23.494Z", "user": 1, "content_type": 18, "object_id": "1", "object_repr": "tech", "action_flag": 3, "change_message": ""}}, {"model": "admin.logentry", "pk": 497, "fields": {"action_time": "2022-08-05T21:49:53.505Z", "user": 1, "content_type": 18, "object_id": "2", "object_repr": "tech", "action_flag": 2, "change_message": "[{\"changed\": {\"fields\": [\"Profile picture\"]}}]"}}, {"model": "admin.logentry", "pk": 498, "fields": {"action_time": "2022-08-05T21:55:46.328Z", "user": 1, "content_type": 18, "object_id": "2", "object_repr": "tech", "action_flag": 2, "change_message": "[{\"changed\": {\"fields\": [\"Profile picture\"]}}]"}}, {"model": "admin.logentry", "pk": 499, "fields": {"action_time": "2022-08-08T13:29:23.630Z", "user": 1, "content_type": 19, "object_id": "1", "object_repr": "ProductGallery object (1)", "action_flag": 1, "change_message": "[{\"added\": {}}]"}}, {"model": "admin.logentry", "pk": 500, "fields": {"action_time": "2022-08-08T13:57:40.837Z", "user": 1, "content_type": 19, "object_id": "2", "object_repr": "ProductGallery object (2)", "action_flag": 1, "change_message": "[{\"added\": {}}]"}}, {"model": "admin.logentry", "pk": 501, "fields": {"action_time": "2022-08-08T13:58:03.095Z", "user": 1, "content_type": 19, "object_id": "3", "object_repr": "ProductGallery object (3)", "action_flag": 1, "change_message": "[{\"added\": {}}]"}}, {"model": "admin.logentry", "pk": 502, "fields": {"action_time": "2022-08-08T13:58:23.451Z", "user": 1, "content_type": 19, "object_id": "4", "object_repr": "ProductGallery object (4)", "action_flag": 1, "change_message": "[{\"added\": {}}]"}}, {"model": "admin.logentry", "pk": 503, "fields": {"action_time": "2022-08-08T13:58:36.295Z", "user": 1, "content_type": 19, "object_id": "5", "object_repr": "ProductGallery object (5)", "action_flag": 1, "change_message": "[{\"added\": {}}]"}}, {"model": "admin.logentry", "pk": 504, "fields": {"action_time": "2022-08-08T14:02:29.123Z", "user": 1, "content_type": 19, "object_id": "5", "object_repr": "ProductGallery object (5)", "action_flag": 3, "change_message": ""}}, {"model": "admin.logentry", "pk": 505, "fields": {"action_time": "2022-08-08T14:02:35.874Z", "user": 1, "content_type": 19, "object_id": "4", "object_repr": "ProductGallery object (4)", "action_flag": 3, "change_message": ""}}, {"model": "admin.logentry", "pk": 506, "fields": {"action_time": "2022-08-08T14:02:45.869Z", "user": 1, "content_type": 19, "object_id": "3", "object_repr": "ProductGallery object (3)", "action_flag": 2, "change_message": "[]"}}, {"model": "admin.logentry", "pk": 507, "fields": {"action_time": "2022-08-08T14:03:04.135Z", "user": 1, "content_type": 19, "object_id": "6", "object_repr": "ProductGallery object (6)", "action_flag": 1, "change_message": "[{\"added\": {}}]"}}, {"model": "admin.logentry", "pk": 508, "fields": {"action_time": "2022-08-08T14:03:13.427Z", "user": 1, "content_type": 19, "object_id": "7", "object_repr": "ProductGallery object (7)", "action_flag": 1, "change_message": "[{\"added\": {}}]"}}, {"model": "admin.logentry", "pk": 509, "fields": {"action_time": "2022-08-10T10:49:18.510Z", "user": 1, "content_type": 8, "object_id": "25", "object_repr": "Ring", "action_flag": 2, "change_message": "[{\"changed\": {\"fields\": [\"Suited for\"]}}]"}}, {"model": "admin.logentry", "pk": 510, "fields": {"action_time": "2022-08-10T10:49:32.442Z", "user": 1, "content_type": 8, "object_id": "24", "object_repr": "Necklace", "action_flag": 2, "change_message": "[{\"changed\": {\"fields\": [\"Suited for\"]}}]"}}, {"model": "admin.logentry", "pk": 511, "fields": {"action_time": "2022-08-10T10:53:53.590Z", "user": 1, "content_type": 8, "object_id": "23", "object_repr": "Earring", "action_flag": 2, "change_message": "[{\"changed\": {\"fields\": [\"Suited for\"]}}]"}}, {"model": "admin.logentry", "pk": 512, "fields": {"action_time": "2022-08-10T10:54:48.955Z", "user": 1, "content_type": 8, "object_id": "13", "object_repr": "Skin Care", "action_flag": 2, "change_message": "[{\"changed\": {\"fields\": [\"Suited for\"]}}]"}}, {"model": "admin.logentry", "pk": 513, "fields": {"action_time": "2022-08-10T10:54:56.100Z", "user": 1, "content_type": 8, "object_id": "6", "object_repr": "Frocks", "action_flag": 2, "change_message": "[{\"changed\": {\"fields\": [\"Suited for\"]}}]"}}, {"model": "admin.logentry", "pk": 514, "fields": {"action_time": "2022-08-10T10:55:11.607Z", "user": 1, "content_type": 8, "object_id": "7", "object_repr": "Kurtis", "action_flag": 2, "change_message": "[{\"changed\": {\"fields\": [\"Suited for\"]}}]"}}, {"model": "admin.logentry", "pk": 515, "fields": {"action_time": "2022-08-10T10:55:19.520Z", "user": 1, "content_type": 8, "object_id": "8", "object_repr": "Hand Bags", "action_flag": 2, "change_message": "[{\"changed\": {\"fields\": [\"Suited for\"]}}]"}}, {"model": "admin.logentry", "pk": 516, "fields": {"action_time": "2022-08-10T11:15:39.233Z", "user": 1, "content_type": 8, "object_id": "2", "object_repr": "Shirts", "action_flag": 2, "change_message": "[{\"changed\": {\"fields\": [\"Suited for\"]}}]"}}, {"model": "admin.logentry", "pk": 517, "fields": {"action_time": "2022-08-10T11:16:12.412Z", "user": 1, "content_type": 8, "object_id": "26", "object_repr": "Wallets", "action_flag": 2, "change_message": "[{\"changed\": {\"fields\": [\"Suited for\"]}}]"}}, {"model": "admin.logentry", "pk": 518, "fields": {"action_time": "2022-08-10T11:16:31.650Z", "user": 1, "content_type": 8, "object_id": "4", "object_repr": "Jeans", "action_flag": 2, "change_message": "[{\"changed\": {\"fields\": [\"Suited for\"]}}]"}}, {"model": "admin.logentry", "pk": 519, "fields": {"action_time": "2022-08-10T11:17:29.358Z", "user": 1, "content_type": 8, "object_id": "26", "object_repr": "Wallets", "action_flag": 2, "change_message": "[{\"changed\": {\"fields\": [\"Suited for\"]}}]"}}, {"model": "admin.logentry", "pk": 520, "fields": {"action_time": "2022-08-10T11:22:52.391Z", "user": 1, "content_type": 9, "object_id": "60", "object_repr": "Lightly Washed Skinny Fit Jeans", "action_flag": 1, "change_message": "[{\"added\": {}}, {\"added\": {\"name\": \"product gallery\", \"object\": \"ProductGallery object (8)\"}}, {\"added\": {\"name\": \"product gallery\", \"object\": \"ProductGallery object (9)\"}}, {\"added\": {\"name\": \"product gallery\", \"object\": \"ProductGallery object (10)\"}}]"}}, {"model": "admin.logentry", "pk": 521, "fields": {"action_time": "2022-08-10T11:27:21.145Z", "user": 1, "content_type": 9, "object_id": "61", "object_repr": "Lightly washed skinny jeans", "action_flag": 1, "change_message": "[{\"added\": {}}, {\"added\": {\"name\": \"product gallery\", \"object\": \"ProductGallery object (11)\"}}, {\"added\": {\"name\": \"product gallery\", \"object\": \"ProductGallery object (12)\"}}, {\"added\": {\"name\": \"product gallery\", \"object\": \"ProductGallery object (13)\"}}]"}}, {"model": "admin.logentry", "pk": 522, "fields": {"action_time": "2022-08-11T17:37:05.168Z", "user": 1, "content_type": 7, "object_id": "24", "object_repr": "gk45464@gmail.com", "action_flag": 3, "change_message": ""}}, {"model": "admin.logentry", "pk": 523, "fields": {"action_time": "2022-08-11T18:04:16.042Z", "user": 1, "content_type": 7, "object_id": "25", "object_repr": "gk45464@gmail.com", "action_flag": 3, "change_message": ""}}, {"model": "admin.logentry", "pk": 524, "fields": {"action_time": "2022-08-11T18:55:58.939Z", "user": 1, "content_type": 9, "object_id": "55", "object_repr": "Noise colorFit Icon Buzz smart Watch", "action_flag": 2, "change_message": "[{\"changed\": {\"fields\": [\"Stock\"]}}]"}}, {"model": "admin.logentry", "pk": 525, "fields": {"action_time": "2022-08-11T18:56:28.510Z", "user": 1, "content_type": 9, "object_id": "55", "object_repr": "Noise colorFit Icon Buzz smart Watch", "action_flag": 2, "change_message": "[{\"changed\": {\"fields\": [\"Stock\"]}}]"}}, {"model": "admin.logentry", "pk": 526, "fields": {"action_time": "2022-08-15T09:39:02.041Z", "user": 1, "content_type": 7, "object_id": "27", "object_repr": "tutorialsorigin611@gmail.com", "action_flag": 3, "change_message": ""}}, {"model": "admin.logentry", "pk": 527, "fields": {"action_time": "2022-08-16T16:41:32.687Z", "user": 1, "content_type": 9, "object_id": "55", "object_repr": "Noise colorFit Icon Buzz smart Watch", "action_flag": 2, "change_message": "[{\"changed\": {\"fields\": [\"Stock\"]}}]"}}, {"model": "admin.logentry", "pk": 528, "fields": {"action_time": "2022-08-16T16:42:46.533Z", "user": 1, "content_type": 9, "object_id": "55", "object_repr": "Noise colorFit Icon Buzz smart Watch", "action_flag": 2, "change_message": "[{\"changed\": {\"fields\": [\"Stock\"]}}]"}}, {"model": "admin.logentry", "pk": 529, "fields": {"action_time": "2022-08-16T16:43:10.484Z", "user": 1, "content_type": 9, "object_id": "55", "object_repr": "Noise colorFit Icon Buzz smart Watch", "action_flag": 2, "change_message": "[{\"changed\": {\"fields\": [\"Stock\"]}}]"}}, {"model": "admin.logentry", "pk": 530, "fields": {"action_time": "2022-08-16T16:44:39.465Z", "user": 1, "content_type": 9, "object_id": "55", "object_repr": "Noise colorFit Icon Buzz smart Watch", "action_flag": 2, "change_message": "[{\"changed\": {\"fields\": [\"Stock\"]}}]"}}, {"model": "admin.logentry", "pk": 531, "fields": {"action_time": "2022-08-16T16:44:59.047Z", "user": 1, "content_type": 9, "object_id": "55", "object_repr": "Noise colorFit Icon Buzz smart Watch", "action_flag": 2, "change_message": "[{\"changed\": {\"fields\": [\"Stock\"]}}]"}}, {"model": "admin.logentry", "pk": 532, "fields": {"action_time": "2022-08-16T17:16:35.850Z", "user": 1, "content_type": 9, "object_id": "55", "object_repr": "Noise colorFit Icon Buzz smart Watch", "action_flag": 2, "change_message": "[{\"changed\": {\"fields\": [\"Stock\"]}}]"}}, {"model": "admin.logentry", "pk": 533, "fields": {"action_time": "2022-08-16T17:16:52.116Z", "user": 1, "content_type": 9, "object_id": "55", "object_repr": "Noise colorFit Icon Buzz smart Watch", "action_flag": 2, "change_message": "[{\"changed\": {\"fields\": [\"Stock\"]}}]"}}, {"model": "admin.logentry", "pk": 534, "fields": {"action_time": "2022-08-16T17:19:22.526Z", "user": 1, "content_type": 9, "object_id": "55", "object_repr": "Noise colorFit Icon Buzz smart Watch", "action_flag": 2, "change_message": "[{\"changed\": {\"fields\": [\"Stock\"]}}]"}}, {"model": "admin.logentry", "pk": 535, "fields": {"action_time": "2022-08-16T17:19:31.388Z", "user": 1, "content_type": 9, "object_id": "55", "object_repr": "Noise colorFit Icon Buzz smart Watch", "action_flag": 2, "change_message": "[{\"changed\": {\"fields\": [\"Stock\"]}}]"}}, {"model": "admin.logentry", "pk": 536, "fields": {"action_time": "2022-08-16T17:22:45.916Z", "user": 1, "content_type": 9, "object_id": "55", "object_repr": "Noise colorFit Icon Buzz smart Watch", "action_flag": 2, "change_message": "[{\"changed\": {\"fields\": [\"Stock\"]}}]"}}, {"model": "admin.logentry", "pk": 537, "fields": {"action_time": "2022-08-16T17:23:39.555Z", "user": 1, "content_type": 9, "object_id": "55", "object_repr": "Noise colorFit Icon Buzz smart Watch", "action_flag": 2, "change_message": "[{\"changed\": {\"fields\": [\"Stock\"]}}]"}}, {"model": "admin.logentry", "pk": 538, "fields": {"action_time": "2022-08-16T17:32:22.399Z", "user": 1, "content_type": 9, "object_id": "55", "object_repr": "Noise colorFit Icon Buzz smart Watch", "action_flag": 2, "change_message": "[{\"changed\": {\"fields\": [\"Stock\"]}}]"}}, {"model": "admin.logentry", "pk": 539, "fields": {"action_time": "2022-08-16T17:32:32.643Z", "user": 1, "content_type": 9, "object_id": "55", "object_repr": "Noise colorFit Icon Buzz smart Watch", "action_flag": 2, "change_message": "[{\"changed\": {\"fields\": [\"Stock\"]}}]"}}, {"model": "admin.logentry", "pk": 540, "fields": {"action_time": "2022-08-16T17:34:22.892Z", "user": 1, "content_type": 9, "object_id": "55", "object_repr": "Noise colorFit Icon Buzz smart Watch", "action_flag": 2, "change_message": "[{\"changed\": {\"fields\": [\"Stock\"]}}]"}}, {"model": "admin.logentry", "pk": 541, "fields": {"action_time": "2022-08-16T17:34:30.185Z", "user": 1, "content_type": 9, "object_id": "55", "object_repr": "Noise colorFit Icon Buzz smart Watch", "action_flag": 2, "change_message": "[{\"changed\": {\"fields\": [\"Stock\"]}}]"}}, {"model": "admin.logentry", "pk": 542, "fields": {"action_time": "2022-08-16T17:35:26.840Z", "user": 1, "content_type": 9, "object_id": "55", "object_repr": "Noise colorFit Icon Buzz smart Watch", "action_flag": 2, "change_message": "[{\"changed\": {\"fields\": [\"Stock\"]}}]"}}, {"model": "admin.logentry", "pk": 543, "fields": {"action_time": "2022-08-17T09:18:06.912Z", "user": 1, "content_type": 9, "object_id": "55", "object_repr": "Noise colorFit Icon Buzz smart Watch", "action_flag": 2, "change_message": "[{\"changed\": {\"fields\": [\"Stock\"]}}]"}}, {"model": "admin.logentry", "pk": 544, "fields": {"action_time": "2022-08-17T09:25:49.223Z", "user": 1, "content_type": 9, "object_id": "55", "object_repr": "Noise colorFit Icon Buzz smart Watch", "action_flag": 2, "change_message": "[{\"changed\": {\"fields\": [\"Stock\"]}}]"}}, {"model": "admin.logentry", "pk": 545, "fields": {"action_time": "2022-08-17T09:51:40.664Z", "user": 1, "content_type": 9, "object_id": "55", "object_repr": "Noise colorFit Icon Buzz smart Watch", "action_flag": 2, "change_message": "[{\"changed\": {\"fields\": [\"Stock\"]}}]"}}, {"model": "admin.logentry", "pk": 546, "fields": {"action_time": "2022-08-17T09:52:26.717Z", "user": 1, "content_type": 9, "object_id": "55", "object_repr": "Noise colorFit Icon Buzz smart Watch", "action_flag": 2, "change_message": "[{\"changed\": {\"fields\": [\"Stock\"]}}]"}}, {"model": "admin.logentry", "pk": 547, "fields": {"action_time": "2022-08-17T10:04:22.124Z", "user": 1, "content_type": 9, "object_id": "55", "object_repr": "Noise colorFit Icon Buzz smart Watch", "action_flag": 2, "change_message": "[{\"changed\": {\"fields\": [\"Stock\"]}}]"}}, {"model": "admin.logentry", "pk": 548, "fields": {"action_time": "2022-08-17T10:05:09.459Z", "user": 1, "content_type": 9, "object_id": "55", "object_repr": "Noise colorFit Icon Buzz smart Watch", "action_flag": 2, "change_message": "[{\"changed\": {\"fields\": [\"Stock\"]}}]"}}, {"model": "admin.logentry", "pk": 549, "fields": {"action_time": "2022-08-17T10:05:22.751Z", "user": 1, "content_type": 9, "object_id": "55", "object_repr": "Noise colorFit Icon Buzz smart Watch", "action_flag": 2, "change_message": "[{\"changed\": {\"fields\": [\"Stock\"]}}]"}}, {"model": "admin.logentry", "pk": 550, "fields": {"action_time": "2022-08-17T10:07:17.208Z", "user": 1, "content_type": 9, "object_id": "55", "object_repr": "Noise colorFit Icon Buzz smart Watch", "action_flag": 2, "change_message": "[{\"changed\": {\"fields\": [\"Stock\"]}}]"}}, {"model": "admin.logentry", "pk": 551, "fields": {"action_time": "2022-08-17T10:07:26.512Z", "user": 1, "content_type": 9, "object_id": "55", "object_repr": "Noise colorFit Icon Buzz smart Watch", "action_flag": 2, "change_message": "[{\"changed\": {\"fields\": [\"Stock\"]}}]"}}, {"model": "admin.logentry", "pk": 552, "fields": {"action_time": "2022-08-17T10:07:34.307Z", "user": 1, "content_type": 9, "object_id": "55", "object_repr": "Noise colorFit Icon Buzz smart Watch", "action_flag": 2, "change_message": "[{\"changed\": {\"fields\": [\"Stock\"]}}]"}}, {"model": "admin.logentry", "pk": 553, "fields": {"action_time": "2022-08-17T10:07:39.231Z", "user": 1, "content_type": 9, "object_id": "55", "object_repr": "Noise colorFit Icon Buzz smart Watch", "action_flag": 2, "change_message": "[{\"changed\": {\"fields\": [\"Stock\"]}}]"}}, {"model": "admin.logentry", "pk": 554, "fields": {"action_time": "2022-08-17T10:08:29.365Z", "user": 1, "content_type": 9, "object_id": "55", "object_repr": "Noise colorFit Icon Buzz smart Watch", "action_flag": 2, "change_message": "[{\"changed\": {\"fields\": [\"Stock\"]}}]"}}, {"model": "admin.logentry", "pk": 555, "fields": {"action_time": "2022-08-17T10:09:08.500Z", "user": 1, "content_type": 9, "object_id": "55", "object_repr": "Noise colorFit Icon Buzz smart Watch", "action_flag": 2, "change_message": "[{\"changed\": {\"fields\": [\"Stock\"]}}]"}}, {"model": "admin.logentry", "pk": 556, "fields": {"action_time": "2022-08-17T10:09:53.337Z", "user": 1, "content_type": 9, "object_id": "55", "object_repr": "Noise colorFit Icon Buzz smart Watch", "action_flag": 2, "change_message": "[{\"changed\": {\"fields\": [\"Stock\"]}}]"}}, {"model": "admin.logentry", "pk": 557, "fields": {"action_time": "2022-08-17T10:10:33.901Z", "user": 1, "content_type": 9, "object_id": "55", "object_repr": "Noise colorFit Icon Buzz smart Watch", "action_flag": 2, "change_message": "[{\"changed\": {\"fields\": [\"Stock\"]}}]"}}, {"model": "admin.logentry", "pk": 558, "fields": {"action_time": "2022-08-17T10:10:45.464Z", "user": 1, "content_type": 9, "object_id": "55", "object_repr": "Noise colorFit Icon Buzz smart Watch", "action_flag": 2, "change_message": "[{\"changed\": {\"fields\": [\"Stock\"]}}]"}}, {"model": "admin.logentry", "pk": 559, "fields": {"action_time": "2022-08-18T15:30:09.536Z", "user": 1, "content_type": 9, "object_id": "55", "object_repr": "Noise colorFit Icon Buzz smart Watch", "action_flag": 2, "change_message": "[{\"changed\": {\"fields\": [\"Stock\"]}}]"}}, {"model": "admin.logentry", "pk": 560, "fields": {"action_time": "2022-08-18T15:31:56.912Z", "user": 1, "content_type": 9, "object_id": "55", "object_repr": "Noise colorFit Icon Buzz smart Watch", "action_flag": 2, "change_message": "[{\"changed\": {\"fields\": [\"Stock\"]}}]"}}, {"model": "admin.logentry", "pk": 561, "fields": {"action_time": "2022-08-18T15:32:52.225Z", "user": 1, "content_type": 9, "object_id": "55", "object_repr": "Noise colorFit Icon Buzz smart Watch", "action_flag": 2, "change_message": "[{\"changed\": {\"fields\": [\"Stock\"]}}]"}}, {"model": "admin.logentry", "pk": 562, "fields": {"action_time": "2022-08-18T15:34:36.385Z", "user": 1, "content_type": 9, "object_id": "55", "object_repr": "Noise colorFit Icon Buzz smart Watch", "action_flag": 2, "change_message": "[{\"changed\": {\"fields\": [\"Stock\"]}}]"}}, {"model": "admin.logentry", "pk": 563, "fields": {"action_time": "2022-08-18T18:02:44.431Z", "user": 1, "content_type": 9, "object_id": "55", "object_repr": "Noise colorFit Icon Buzz smart Watch", "action_flag": 2, "change_message": "[{\"changed\": {\"fields\": [\"Stock\"]}}]"}}, {"model": "admin.logentry", "pk": 564, "fields": {"action_time": "2022-08-18T18:02:59.251Z", "user": 1, "content_type": 9, "object_id": "55", "object_repr": "Noise colorFit Icon Buzz smart Watch", "action_flag": 2, "change_message": "[{\"changed\": {\"fields\": [\"Stock\"]}}]"}}, {"model": "admin.logentry", "pk": 565, "fields": {"action_time": "2022-08-18T18:19:03.081Z", "user": 1, "content_type": 9, "object_id": "55", "object_repr": "Noise colorFit Icon Buzz smart Watch", "action_flag": 2, "change_message": "[{\"changed\": {\"fields\": [\"Stock\"]}}]"}}, {"model": "admin.logentry", "pk": 566, "fields": {"action_time": "2022-08-18T18:23:16.053Z", "user": 1, "content_type": 9, "object_id": "55", "object_repr": "Noise colorFit Icon Buzz smart Watch", "action_flag": 2, "change_message": "[{\"changed\": {\"fields\": [\"Stock\"]}}]"}}, {"model": "admin.logentry", "pk": 567, "fields": {"action_time": "2022-08-18T18:23:51.898Z", "user": 1, "content_type": 9, "object_id": "55", "object_repr": "Noise colorFit Icon Buzz smart Watch", "action_flag": 2, "change_message": "[{\"changed\": {\"fields\": [\"Stock\"]}}]"}}, {"model": "admin.logentry", "pk": 568, "fields": {"action_time": "2022-08-19T15:47:20.257Z", "user": 1, "content_type": 9, "object_id": "55", "object_repr": "Noise colorFit Icon Buzz smart Watch", "action_flag": 2, "change_message": "[{\"changed\": {\"fields\": [\"Stock\"]}}]"}}, {"model": "admin.logentry", "pk": 569, "fields": {"action_time": "2022-08-19T15:48:48.231Z", "user": 1, "content_type": 9, "object_id": "55", "object_repr": "Noise colorFit Icon Buzz smart Watch", "action_flag": 2, "change_message": "[{\"changed\": {\"fields\": [\"Stock\"]}}]"}}, {"model": "admin.logentry", "pk": 570, "fields": {"action_time": "2022-08-19T15:49:06.669Z", "user": 1, "content_type": 9, "object_id": "55", "object_repr": "Noise colorFit Icon Buzz smart Watch", "action_flag": 2, "change_message": "[{\"changed\": {\"fields\": [\"Stock\"]}}]"}}, {"model": "admin.logentry", "pk": 571, "fields": {"action_time": "2022-08-19T15:49:46.063Z", "user": 1, "content_type": 9, "object_id": "55", "object_repr": "Noise colorFit Icon Buzz smart Watch", "action_flag": 2, "change_message": "[{\"changed\": {\"fields\": [\"Stock\"]}}]"}}, {"model": "admin.logentry", "pk": 572, "fields": {"action_time": "2022-08-19T15:50:36.127Z", "user": 1, "content_type": 9, "object_id": "55", "object_repr": "Noise colorFit Icon Buzz smart Watch", "action_flag": 2, "change_message": "[{\"changed\": {\"fields\": [\"Stock\"]}}]"}}, {"model": "admin.logentry", "pk": 573, "fields": {"action_time": "2022-08-19T15:51:35.660Z", "user": 1, "content_type": 9, "object_id": "55", "object_repr": "Noise colorFit Icon Buzz smart Watch", "action_flag": 2, "change_message": "[{\"changed\": {\"fields\": [\"Stock\"]}}]"}}, {"model": "admin.logentry", "pk": 574, "fields": {"action_time": "2022-08-19T15:52:02.451Z", "user": 1, "content_type": 9, "object_id": "55", "object_repr": "Noise colorFit Icon Buzz smart Watch", "action_flag": 2, "change_message": "[{\"changed\": {\"fields\": [\"Stock\"]}}]"}}, {"model": "admin.logentry", "pk": 575, "fields": {"action_time": "2022-08-19T16:03:02.059Z", "user": 1, "content_type": 9, "object_id": "55", "object_repr": "Noise colorFit Icon Buzz smart Watch", "action_flag": 2, "change_message": "[]"}}, {"model": "admin.logentry", "pk": 576, "fields": {"action_time": "2022-08-19T16:49:55.649Z", "user": 1, "content_type": 9, "object_id": "55", "object_repr": "Noise colorFit Icon Buzz smart Watch", "action_flag": 2, "change_message": "[]"}}, {"model": "admin.logentry", "pk": 577, "fields": {"action_time": "2022-08-19T16:51:58.286Z", "user": 1, "content_type": 9, "object_id": "55", "object_repr": "Noise colorFit Icon Buzz smart Watch", "action_flag": 2, "change_message": "[{\"changed\": {\"fields\": [\"Stock\"]}}]"}}, {"model": "admin.logentry", "pk": 578, "fields": {"action_time": "2022-08-19T16:52:10.663Z", "user": 1, "content_type": 9, "object_id": "55", "object_repr": "Noise colorFit Icon Buzz smart Watch", "action_flag": 2, "change_message": "[{\"changed\": {\"fields\": [\"Stock\"]}}]"}}, {"model": "admin.logentry", "pk": 579, "fields": {"action_time": "2022-08-19T16:52:31.422Z", "user": 1, "content_type": 9, "object_id": "55", "object_repr": "Noise colorFit Icon Buzz smart Watch", "action_flag": 2, "change_message": "[]"}}, {"model": "admin.logentry", "pk": 580, "fields": {"action_time": "2022-08-19T16:52:41.723Z", "user": 1, "content_type": 9, "object_id": "55", "object_repr": "Noise colorFit Icon Buzz smart Watch", "action_flag": 2, "change_message": "[{\"changed\": {\"fields\": [\"Stock\"]}}]"}}, {"model": "admin.logentry", "pk": 581, "fields": {"action_time": "2022-08-19T17:13:07.306Z", "user": 1, "content_type": 9, "object_id": "55", "object_repr": "Noise colorFit Icon Buzz smart Watch", "action_flag": 2, "change_message": "[{\"changed\": {\"fields\": [\"Stock\"]}}]"}}, {"model": "admin.logentry", "pk": 582, "fields": {"action_time": "2022-08-19T17:28:59.622Z", "user": 1, "content_type": 9, "object_id": "55", "object_repr": "Noise colorFit Icon Buzz smart Watch", "action_flag": 2, "change_message": "[]"}}, {"model": "admin.logentry", "pk": 583, "fields": {"action_time": "2022-08-19T17:31:39.004Z", "user": 1, "content_type": 9, "object_id": "55", "object_repr": "Noise colorFit Icon Buzz smart Watch", "action_flag": 2, "change_message": "[{\"changed\": {\"fields\": [\"Stock\"]}}]"}}, {"model": "admin.logentry", "pk": 584, "fields": {"action_time": "2022-08-19T17:32:37.013Z", "user": 1, "content_type": 9, "object_id": "55", "object_repr": "Noise colorFit Icon Buzz smart Watch", "action_flag": 2, "change_message": "[{\"changed\": {\"fields\": [\"Stock\"]}}]"}}, {"model": "admin.logentry", "pk": 585, "fields": {"action_time": "2022-08-19T17:32:54.901Z", "user": 1, "content_type": 9, "object_id": "55", "object_repr": "Noise colorFit Icon Buzz smart Watch", "action_flag": 2, "change_message": "[{\"changed\": {\"fields\": [\"Stock\"]}}]"}}, {"model": "admin.logentry", "pk": 586, "fields": {"action_time": "2022-08-19T17:33:03.139Z", "user": 1, "content_type": 9, "object_id": "55", "object_repr": "Noise colorFit Icon Buzz smart Watch", "action_flag": 2, "change_message": "[]"}}, {"model": "admin.logentry", "pk": 587, "fields": {"action_time": "2022-08-19T17:34:31.587Z", "user": 1, "content_type": 9, "object_id": "55", "object_repr": "Noise colorFit Icon Buzz smart Watch", "action_flag": 2, "change_message": "[{\"changed\": {\"fields\": [\"Stock\"]}}]"}}, {"model": "admin.logentry", "pk": 588, "fields": {"action_time": "2022-08-19T17:34:48.468Z", "user": 1, "content_type": 9, "object_id": "55", "object_repr": "Noise colorFit Icon Buzz smart Watch", "action_flag": 2, "change_message": "[{\"changed\": {\"fields\": [\"Stock\"]}}]"}}, {"model": "admin.logentry", "pk": 589, "fields": {"action_time": "2022-08-19T17:37:19.091Z", "user": 1, "content_type": 9, "object_id": "55", "object_repr": "Noise colorFit Icon Buzz smart Watch", "action_flag": 2, "change_message": "[{\"changed\": {\"fields\": [\"Stock\"]}}]"}}, {"model": "admin.logentry", "pk": 590, "fields": {"action_time": "2022-08-19T17:47:57.562Z", "user": 1, "content_type": 9, "object_id": "55", "object_repr": "Noise colorFit Icon Buzz smart Watch", "action_flag": 2, "change_message": "[{\"changed\": {\"fields\": [\"Stock\"]}}]"}}, {"model": "admin.logentry", "pk": 591, "fields": {"action_time": "2022-08-19T17:48:11.022Z", "user": 1, "content_type": 9, "object_id": "55", "object_repr": "Noise colorFit Icon Buzz smart Watch", "action_flag": 2, "change_message": "[{\"changed\": {\"fields\": [\"Stock\"]}}]"}}, {"model": "admin.logentry", "pk": 592, "fields": {"action_time": "2022-08-19T17:54:51.931Z", "user": 1, "content_type": 9, "object_id": "55", "object_repr": "Noise colorFit Icon Buzz smart Watch", "action_flag": 2, "change_message": "[]"}}, {"model": "admin.logentry", "pk": 593, "fields": {"action_time": "2022-08-19T18:00:14.136Z", "user": 1, "content_type": 9, "object_id": "55", "object_repr": "Noise colorFit Icon Buzz smart Watch", "action_flag": 2, "change_message": "[{\"changed\": {\"fields\": [\"Stock\"]}}]"}}, {"model": "admin.logentry", "pk": 594, "fields": {"action_time": "2022-08-19T18:00:44.122Z", "user": 1, "content_type": 9, "object_id": "55", "object_repr": "Noise colorFit Icon Buzz smart Watch", "action_flag": 2, "change_message": "[{\"changed\": {\"fields\": [\"Stock\"]}}]"}}, {"model": "admin.logentry", "pk": 595, "fields": {"action_time": "2022-08-19T18:02:06.920Z", "user": 1, "content_type": 9, "object_id": "55", "object_repr": "Noise colorFit Icon Buzz smart Watch", "action_flag": 2, "change_message": "[{\"changed\": {\"fields\": [\"Stock\"]}}]"}}, {"model": "admin.logentry", "pk": 596, "fields": {"action_time": "2022-08-19T18:03:29.822Z", "user": 1, "content_type": 9, "object_id": "55", "object_repr": "Noise colorFit Icon Buzz smart Watch", "action_flag": 2, "change_message": "[{\"changed\": {\"fields\": [\"Stock\"]}}]"}}, {"model": "admin.logentry", "pk": 597, "fields": {"action_time": "2022-08-19T18:03:42.567Z", "user": 1, "content_type": 9, "object_id": "55", "object_repr": "Noise colorFit Icon Buzz smart Watch", "action_flag": 2, "change_message": "[{\"changed\": {\"fields\": [\"Stock\"]}}]"}}, {"model": "admin.logentry", "pk": 598, "fields": {"action_time": "2022-08-19T18:05:55.037Z", "user": 1, "content_type": 9, "object_id": "55", "object_repr": "Noise colorFit Icon Buzz smart Watch", "action_flag": 2, "change_message": "[{\"changed\": {\"fields\": [\"Stock\"]}}]"}}, {"model": "admin.logentry", "pk": 599, "fields": {"action_time": "2022-08-19T18:06:04.940Z", "user": 1, "content_type": 9, "object_id": "55", "object_repr": "Noise colorFit Icon Buzz smart Watch", "action_flag": 2, "change_message": "[{\"changed\": {\"fields\": [\"Stock\"]}}]"}}, {"model": "admin.logentry", "pk": 600, "fields": {"action_time": "2022-08-19T19:21:32.905Z", "user": 1, "content_type": 9, "object_id": "55", "object_repr": "Noise colorFit Icon Buzz smart Watch", "action_flag": 2, "change_message": "[{\"changed\": {\"fields\": [\"Stock\"]}}]"}}, {"model": "admin.logentry", "pk": 601, "fields": {"action_time": "2022-08-19T19:21:47.994Z", "user": 1, "content_type": 9, "object_id": "55", "object_repr": "Noise colorFit Icon Buzz smart Watch", "action_flag": 2, "change_message": "[{\"changed\": {\"fields\": [\"Stock\"]}}]"}}, {"model": "admin.logentry", "pk": 602, "fields": {"action_time": "2022-08-19T19:24:41.145Z", "user": 1, "content_type": 9, "object_id": "55", "object_repr": "Noise colorFit Icon Buzz smart Watch", "action_flag": 2, "change_message": "[{\"changed\": {\"fields\": [\"Stock\"]}}]"}}, {"model": "admin.logentry", "pk": 603, "fields": {"action_time": "2022-08-19T19:24:53.204Z", "user": 1, "content_type": 9, "object_id": "55", "object_repr": "Noise colorFit Icon Buzz smart Watch", "action_flag": 2, "change_message": "[{\"changed\": {\"fields\": [\"Stock\"]}}]"}}, {"model": "admin.logentry", "pk": 604, "fields": {"action_time": "2022-08-19T19:25:45.190Z", "user": 1, "content_type": 9, "object_id": "55", "object_repr": "Noise colorFit Icon Buzz smart Watch", "action_flag": 2, "change_message": "[{\"changed\": {\"fields\": [\"Stock\"]}}]"}}, {"model": "admin.logentry", "pk": 605, "fields": {"action_time": "2022-08-19T19:25:56.786Z", "user": 1, "content_type": 9, "object_id": "55", "object_repr": "Noise colorFit Icon Buzz smart Watch", "action_flag": 2, "change_message": "[{\"changed\": {\"fields\": [\"Stock\"]}}]"}}, {"model": "admin.logentry", "pk": 606, "fields": {"action_time": "2022-08-19T19:26:34.939Z", "user": 1, "content_type": 9, "object_id": "55", "object_repr": "Noise colorFit Icon Buzz smart Watch", "action_flag": 2, "change_message": "[{\"changed\": {\"fields\": [\"Stock\"]}}]"}}, {"model": "admin.logentry", "pk": 607, "fields": {"action_time": "2022-08-19T19:26:46.535Z", "user": 1, "content_type": 9, "object_id": "55", "object_repr": "Noise colorFit Icon Buzz smart Watch", "action_flag": 2, "change_message": "[{\"changed\": {\"fields\": [\"Stock\"]}}]"}}, {"model": "admin.logentry", "pk": 608, "fields": {"action_time": "2022-08-19T19:27:19.922Z", "user": 1, "content_type": 9, "object_id": "55", "object_repr": "Noise colorFit Icon Buzz smart Watch", "action_flag": 2, "change_message": "[{\"changed\": {\"fields\": [\"Stock\"]}}]"}}, {"model": "admin.logentry", "pk": 609, "fields": {"action_time": "2022-08-19T19:27:26.469Z", "user": 1, "content_type": 9, "object_id": "55", "object_repr": "Noise colorFit Icon Buzz smart Watch", "action_flag": 2, "change_message": "[{\"changed\": {\"fields\": [\"Stock\"]}}]"}}, {"model": "admin.logentry", "pk": 610, "fields": {"action_time": "2022-08-19T19:29:11.496Z", "user": 1, "content_type": 9, "object_id": "55", "object_repr": "Noise colorFit Icon Buzz smart Watch", "action_flag": 2, "change_message": "[{\"changed\": {\"fields\": [\"Stock\"]}}]"}}, {"model": "admin.logentry", "pk": 611, "fields": {"action_time": "2022-08-19T19:29:27.122Z", "user": 1, "content_type": 9, "object_id": "55", "object_repr": "Noise colorFit Icon Buzz smart Watch", "action_flag": 2, "change_message": "[{\"changed\": {\"fields\": [\"Stock\"]}}]"}}, {"model": "admin.logentry", "pk": 612, "fields": {"action_time": "2022-08-19T19:29:50.450Z", "user": 1, "content_type": 9, "object_id": "55", "object_repr": "Noise colorFit Icon Buzz smart Watch", "action_flag": 2, "change_message": "[{\"changed\": {\"fields\": [\"Stock\"]}}]"}}, {"model": "admin.logentry", "pk": 613, "fields": {"action_time": "2022-08-19T19:29:58.413Z", "user": 1, "content_type": 9, "object_id": "55", "object_repr": "Noise colorFit Icon Buzz smart Watch", "action_flag": 2, "change_message": "[{\"changed\": {\"fields\": [\"Stock\"]}}]"}}, {"model": "admin.logentry", "pk": 614, "fields": {"action_time": "2022-08-19T19:36:58.923Z", "user": 1, "content_type": 9, "object_id": "55", "object_repr": "Noise colorFit Icon Buzz smart Watch", "action_flag": 2, "change_message": "[{\"changed\": {\"fields\": [\"Stock\"]}}]"}}, {"model": "admin.logentry", "pk": 615, "fields": {"action_time": "2022-08-19T19:37:58.114Z", "user": 1, "content_type": 9, "object_id": "55", "object_repr": "Noise colorFit Icon Buzz smart Watch", "action_flag": 2, "change_message": "[{\"changed\": {\"fields\": [\"Stock\"]}}]"}}, {"model": "admin.logentry", "pk": 616, "fields": {"action_time": "2022-08-21T22:04:08.585Z", "user": 1, "content_type": 9, "object_id": "55", "object_repr": "Noise colorFit Icon Buzz smart Watch", "action_flag": 2, "change_message": "[{\"changed\": {\"fields\": [\"Stock\"]}}]"}}, {"model": "admin.logentry", "pk": 617, "fields": {"action_time": "2022-08-21T22:07:21.035Z", "user": 1, "content_type": 9, "object_id": "55", "object_repr": "Noise colorFit Icon Buzz smart Watch", "action_flag": 2, "change_message": "[{\"changed\": {\"fields\": [\"Stock\"]}}]"}}, {"model": "admin.logentry", "pk": 618, "fields": {"action_time": "2022-08-21T22:07:45.447Z", "user": 1, "content_type": 9, "object_id": "55", "object_repr": "Noise colorFit Icon Buzz smart Watch", "action_flag": 2, "change_message": "[{\"changed\": {\"fields\": [\"Stock\"]}}]"}}, {"model": "admin.logentry", "pk": 619, "fields": {"action_time": "2022-08-21T22:07:54.579Z", "user": 1, "content_type": 9, "object_id": "55", "object_repr": "Noise colorFit Icon Buzz smart Watch", "action_flag": 2, "change_message": "[{\"changed\": {\"fields\": [\"Stock\"]}}]"}}, {"model": "admin.logentry", "pk": 620, "fields": {"action_time": "2022-08-22T11:14:13.085Z", "user": 1, "content_type": 9, "object_id": "55", "object_repr": "Noise colorFit Icon Buzz smart Watch", "action_flag": 2, "change_message": "[{\"changed\": {\"fields\": [\"Stock\"]}}]"}}, {"model": "admin.logentry", "pk": 621, "fields": {"action_time": "2022-08-22T11:14:34.832Z", "user": 1, "content_type": 9, "object_id": "55", "object_repr": "Noise colorFit Icon Buzz smart Watch", "action_flag": 2, "change_message": "[{\"changed\": {\"fields\": [\"Stock\"]}}]"}}, {"model": "admin.logentry", "pk": 622, "fields": {"action_time": "2022-08-22T11:14:42.721Z", "user": 1, "content_type": 9, "object_id": "55", "object_repr": "Noise colorFit Icon Buzz smart Watch", "action_flag": 2, "change_message": "[]"}}, {"model": "admin.logentry", "pk": 623, "fields": {"action_time": "2022-08-22T11:14:56.682Z", "user": 1, "content_type": 9, "object_id": "55", "object_repr": "Noise colorFit Icon Buzz smart Watch", "action_flag": 2, "change_message": "[]"}}, {"model": "admin.logentry", "pk": 624, "fields": {"action_time": "2022-08-22T11:15:26.844Z", "user": 1, "content_type": 9, "object_id": "55", "object_repr": "Noise colorFit Icon Buzz smart Watch", "action_flag": 2, "change_message": "[{\"changed\": {\"fields\": [\"Stock\"]}}]"}}, {"model": "admin.logentry", "pk": 625, "fields": {"action_time": "2022-08-22T11:15:47.049Z", "user": 1, "content_type": 9, "object_id": "55", "object_repr": "Noise colorFit Icon Buzz smart Watch", "action_flag": 2, "change_message": "[{\"changed\": {\"fields\": [\"Stock\"]}}]"}}, {"model": "admin.logentry", "pk": 626, "fields": {"action_time": "2022-08-22T11:16:05.315Z", "user": 1, "content_type": 9, "object_id": "55", "object_repr": "Noise colorFit Icon Buzz smart Watch", "action_flag": 2, "change_message": "[{\"changed\": {\"fields\": [\"Stock\"]}}]"}}, {"model": "admin.logentry", "pk": 627, "fields": {"action_time": "2022-08-22T11:16:26.792Z", "user": 1, "content_type": 9, "object_id": "55", "object_repr": "Noise colorFit Icon Buzz smart Watch", "action_flag": 2, "change_message": "[{\"changed\": {\"fields\": [\"Stock\"]}}]"}}, {"model": "admin.logentry", "pk": 628, "fields": {"action_time": "2022-08-22T11:23:59.935Z", "user": 1, "content_type": 9, "object_id": "55", "object_repr": "Noise colorFit Icon Buzz smart Watch", "action_flag": 2, "change_message": "[{\"changed\": {\"fields\": [\"Stock\"]}}]"}}, {"model": "admin.logentry", "pk": 629, "fields": {"action_time": "2022-08-22T11:24:12.918Z", "user": 1, "content_type": 9, "object_id": "55", "object_repr": "Noise colorFit Icon Buzz smart Watch", "action_flag": 2, "change_message": "[{\"changed\": {\"fields\": [\"Stock\"]}}]"}}, {"model": "admin.logentry", "pk": 630, "fields": {"action_time": "2022-08-22T11:24:39.733Z", "user": 1, "content_type": 9, "object_id": "55", "object_repr": "Noise colorFit Icon Buzz smart Watch", "action_flag": 2, "change_message": "[{\"changed\": {\"fields\": [\"Stock\"]}}]"}}, {"model": "admin.logentry", "pk": 631, "fields": {"action_time": "2022-08-22T11:24:51.690Z", "user": 1, "content_type": 9, "object_id": "55", "object_repr": "Noise colorFit Icon Buzz smart Watch", "action_flag": 2, "change_message": "[{\"changed\": {\"fields\": [\"Stock\"]}}]"}}, {"model": "admin.logentry", "pk": 632, "fields": {"action_time": "2022-08-22T11:25:53.062Z", "user": 1, "content_type": 9, "object_id": "55", "object_repr": "Noise colorFit Icon Buzz smart Watch", "action_flag": 2, "change_message": "[{\"changed\": {\"fields\": [\"Stock\"]}}]"}}, {"model": "admin.logentry", "pk": 633, "fields": {"action_time": "2022-08-22T11:26:07.847Z", "user": 1, "content_type": 9, "object_id": "55", "object_repr": "Noise colorFit Icon Buzz smart Watch", "action_flag": 2, "change_message": "[{\"changed\": {\"fields\": [\"Stock\"]}}]"}}, {"model": "admin.logentry", "pk": 634, "fields": {"action_time": "2022-08-22T11:27:03.753Z", "user": 1, "content_type": 9, "object_id": "55", "object_repr": "Noise colorFit Icon Buzz smart Watch", "action_flag": 2, "change_message": "[{\"changed\": {\"fields\": [\"Stock\"]}}]"}}, {"model": "admin.logentry", "pk": 635, "fields": {"action_time": "2022-08-22T11:27:18.666Z", "user": 1, "content_type": 9, "object_id": "55", "object_repr": "Noise colorFit Icon Buzz smart Watch", "action_flag": 2, "change_message": "[{\"changed\": {\"fields\": [\"Stock\"]}}]"}}, {"model": "admin.logentry", "pk": 636, "fields": {"action_time": "2022-08-22T11:27:48.719Z", "user": 1, "content_type": 9, "object_id": "55", "object_repr": "Noise colorFit Icon Buzz smart Watch", "action_flag": 2, "change_message": "[{\"changed\": {\"fields\": [\"Stock\"]}}]"}}, {"model": "admin.logentry", "pk": 637, "fields": {"action_time": "2022-08-22T11:28:02.490Z", "user": 1, "content_type": 9, "object_id": "55", "object_repr": "Noise colorFit Icon Buzz smart Watch", "action_flag": 2, "change_message": "[{\"changed\": {\"fields\": [\"Stock\"]}}]"}}, {"model": "admin.logentry", "pk": 638, "fields": {"action_time": "2022-08-22T11:34:23.033Z", "user": 1, "content_type": 9, "object_id": "55", "object_repr": "Noise colorFit Icon Buzz smart Watch", "action_flag": 2, "change_message": "[{\"changed\": {\"fields\": [\"Stock\"]}}]"}}, {"model": "admin.logentry", "pk": 639, "fields": {"action_time": "2022-08-22T11:34:32.515Z", "user": 1, "content_type": 9, "object_id": "55", "object_repr": "Noise colorFit Icon Buzz smart Watch", "action_flag": 2, "change_message": "[{\"changed\": {\"fields\": [\"Stock\"]}}]"}}, {"model": "admin.logentry", "pk": 640, "fields": {"action_time": "2022-08-22T11:36:21.215Z", "user": 1, "content_type": 9, "object_id": "55", "object_repr": "Noise colorFit Icon Buzz smart Watch", "action_flag": 2, "change_message": "[{\"changed\": {\"fields\": [\"Stock\"]}}]"}}, {"model": "admin.logentry", "pk": 641, "fields": {"action_time": "2022-08-22T11:36:28.604Z", "user": 1, "content_type": 9, "object_id": "55", "object_repr": "Noise colorFit Icon Buzz smart Watch", "action_flag": 2, "change_message": "[{\"changed\": {\"fields\": [\"Stock\"]}}]"}}, {"model": "admin.logentry", "pk": 642, "fields": {"action_time": "2022-08-22T11:37:03.950Z", "user": 1, "content_type": 9, "object_id": "55", "object_repr": "Noise colorFit Icon Buzz smart Watch", "action_flag": 2, "change_message": "[{\"changed\": {\"fields\": [\"Stock\"]}}]"}}, {"model": "admin.logentry", "pk": 643, "fields": {"action_time": "2022-08-22T11:37:17.239Z", "user": 1, "content_type": 9, "object_id": "55", "object_repr": "Noise colorFit Icon Buzz smart Watch", "action_flag": 2, "change_message": "[{\"changed\": {\"fields\": [\"Stock\"]}}]"}}, {"model": "admin.logentry", "pk": 644, "fields": {"action_time": "2022-08-22T11:37:46.464Z", "user": 1, "content_type": 9, "object_id": "55", "object_repr": "Noise colorFit Icon Buzz smart Watch", "action_flag": 2, "change_message": "[{\"changed\": {\"fields\": [\"Stock\"]}}]"}}, {"model": "admin.logentry", "pk": 645, "fields": {"action_time": "2022-08-22T11:38:05.983Z", "user": 1, "content_type": 9, "object_id": "55", "object_repr": "Noise colorFit Icon Buzz smart Watch", "action_flag": 2, "change_message": "[{\"changed\": {\"fields\": [\"Stock\"]}}]"}}, {"model": "admin.logentry", "pk": 646, "fields": {"action_time": "2022-08-22T11:38:48.445Z", "user": 1, "content_type": 9, "object_id": "55", "object_repr": "Noise colorFit Icon Buzz smart Watch", "action_flag": 2, "change_message": "[{\"changed\": {\"fields\": [\"Stock\"]}}]"}}, {"model": "admin.logentry", "pk": 647, "fields": {"action_time": "2022-08-22T11:39:04.614Z", "user": 1, "content_type": 9, "object_id": "55", "object_repr": "Noise colorFit Icon Buzz smart Watch", "action_flag": 2, "change_message": "[{\"changed\": {\"fields\": [\"Stock\"]}}]"}}, {"model": "admin.logentry", "pk": 648, "fields": {"action_time": "2022-08-22T11:39:33.473Z", "user": 1, "content_type": 9, "object_id": "55", "object_repr": "Noise colorFit Icon Buzz smart Watch", "action_flag": 2, "change_message": "[{\"changed\": {\"fields\": [\"Stock\"]}}]"}}, {"model": "admin.logentry", "pk": 649, "fields": {"action_time": "2022-08-22T11:39:53.306Z", "user": 1, "content_type": 9, "object_id": "55", "object_repr": "Noise colorFit Icon Buzz smart Watch", "action_flag": 2, "change_message": "[{\"changed\": {\"fields\": [\"Stock\"]}}]"}}, {"model": "admin.logentry", "pk": 650, "fields": {"action_time": "2022-08-22T11:42:57.879Z", "user": 1, "content_type": 9, "object_id": "55", "object_repr": "Noise colorFit Icon Buzz smart Watch", "action_flag": 2, "change_message": "[{\"changed\": {\"fields\": [\"Stock\"]}}]"}}, {"model": "admin.logentry", "pk": 651, "fields": {"action_time": "2022-08-22T11:43:16.582Z", "user": 1, "content_type": 9, "object_id": "55", "object_repr": "Noise colorFit Icon Buzz smart Watch", "action_flag": 2, "change_message": "[{\"changed\": {\"fields\": [\"Stock\"]}}]"}}, {"model": "admin.logentry", "pk": 652, "fields": {"action_time": "2022-08-22T11:50:15.420Z", "user": 1, "content_type": 9, "object_id": "55", "object_repr": "Noise colorFit Icon Buzz smart Watch", "action_flag": 2, "change_message": "[{\"changed\": {\"fields\": [\"Stock\"]}}]"}}, {"model": "admin.logentry", "pk": 653, "fields": {"action_time": "2022-08-22T11:50:38.393Z", "user": 1, "content_type": 9, "object_id": "55", "object_repr": "Noise colorFit Icon Buzz smart Watch", "action_flag": 2, "change_message": "[{\"changed\": {\"fields\": [\"Stock\"]}}]"}}, {"model": "admin.logentry", "pk": 654, "fields": {"action_time": "2022-08-22T11:56:35.966Z", "user": 1, "content_type": 9, "object_id": "55", "object_repr": "Noise colorFit Icon Buzz smart Watch", "action_flag": 2, "change_message": "[{\"changed\": {\"fields\": [\"Stock\"]}}]"}}, {"model": "admin.logentry", "pk": 655, "fields": {"action_time": "2022-08-22T11:56:52.223Z", "user": 1, "content_type": 9, "object_id": "55", "object_repr": "Noise colorFit Icon Buzz smart Watch", "action_flag": 2, "change_message": "[{\"changed\": {\"fields\": [\"Stock\"]}}]"}}, {"model": "admin.logentry", "pk": 656, "fields": {"action_time": "2022-08-22T11:57:45.341Z", "user": 1, "content_type": 9, "object_id": "55", "object_repr": "Noise colorFit Icon Buzz smart Watch", "action_flag": 2, "change_message": "[{\"changed\": {\"fields\": [\"Stock\"]}}]"}}, {"model": "admin.logentry", "pk": 657, "fields": {"action_time": "2022-08-22T11:57:57.895Z", "user": 1, "content_type": 9, "object_id": "55", "object_repr": "Noise colorFit Icon Buzz smart Watch", "action_flag": 2, "change_message": "[{\"changed\": {\"fields\": [\"Stock\"]}}]"}}, {"model": "admin.logentry", "pk": 658, "fields": {"action_time": "2022-08-22T11:58:40.247Z", "user": 1, "content_type": 9, "object_id": "55", "object_repr": "Noise colorFit Icon Buzz smart Watch", "action_flag": 2, "change_message": "[{\"changed\": {\"fields\": [\"Stock\"]}}]"}}, {"model": "admin.logentry", "pk": 659, "fields": {"action_time": "2022-08-22T11:58:52.703Z", "user": 1, "content_type": 9, "object_id": "55", "object_repr": "Noise colorFit Icon Buzz smart Watch", "action_flag": 2, "change_message": "[{\"changed\": {\"fields\": [\"Stock\"]}}]"}}, {"model": "admin.logentry", "pk": 660, "fields": {"action_time": "2022-08-22T11:59:20.520Z", "user": 1, "content_type": 9, "object_id": "55", "object_repr": "Noise colorFit Icon Buzz smart Watch", "action_flag": 2, "change_message": "[{\"changed\": {\"fields\": [\"Stock\"]}}]"}}, {"model": "admin.logentry", "pk": 661, "fields": {"action_time": "2022-08-22T11:59:31.015Z", "user": 1, "content_type": 9, "object_id": "55", "object_repr": "Noise colorFit Icon Buzz smart Watch", "action_flag": 2, "change_message": "[{\"changed\": {\"fields\": [\"Stock\"]}}]"}}, {"model": "admin.logentry", "pk": 662, "fields": {"action_time": "2022-08-22T11:59:49.860Z", "user": 1, "content_type": 9, "object_id": "55", "object_repr": "Noise colorFit Icon Buzz smart Watch", "action_flag": 2, "change_message": "[{\"changed\": {\"fields\": [\"Stock\"]}}]"}}, {"model": "admin.logentry", "pk": 663, "fields": {"action_time": "2022-08-22T12:00:00.989Z", "user": 1, "content_type": 9, "object_id": "55", "object_repr": "Noise colorFit Icon Buzz smart Watch", "action_flag": 2, "change_message": "[{\"changed\": {\"fields\": [\"Stock\"]}}]"}}, {"model": "admin.logentry", "pk": 664, "fields": {"action_time": "2022-08-22T12:00:33.328Z", "user": 1, "content_type": 9, "object_id": "55", "object_repr": "Noise colorFit Icon Buzz smart Watch", "action_flag": 2, "change_message": "[{\"changed\": {\"fields\": [\"Stock\"]}}]"}}, {"model": "admin.logentry", "pk": 665, "fields": {"action_time": "2022-08-22T12:00:52.590Z", "user": 1, "content_type": 9, "object_id": "55", "object_repr": "Noise colorFit Icon Buzz smart Watch", "action_flag": 2, "change_message": "[{\"changed\": {\"fields\": [\"Stock\"]}}]"}}, {"model": "admin.logentry", "pk": 666, "fields": {"action_time": "2022-08-22T12:01:24.018Z", "user": 1, "content_type": 9, "object_id": "55", "object_repr": "Noise colorFit Icon Buzz smart Watch", "action_flag": 2, "change_message": "[{\"changed\": {\"fields\": [\"Stock\"]}}]"}}, {"model": "admin.logentry", "pk": 667, "fields": {"action_time": "2022-08-22T12:01:34.066Z", "user": 1, "content_type": 9, "object_id": "55", "object_repr": "Noise colorFit Icon Buzz smart Watch", "action_flag": 2, "change_message": "[{\"changed\": {\"fields\": [\"Stock\"]}}]"}}, {"model": "admin.logentry", "pk": 668, "fields": {"action_time": "2022-08-22T12:05:48.097Z", "user": 1, "content_type": 9, "object_id": "55", "object_repr": "Noise colorFit Icon Buzz smart Watch", "action_flag": 2, "change_message": "[{\"changed\": {\"fields\": [\"Stock\"]}}]"}}, {"model": "admin.logentry", "pk": 669, "fields": {"action_time": "2022-08-22T12:06:02.576Z", "user": 1, "content_type": 9, "object_id": "55", "object_repr": "Noise colorFit Icon Buzz smart Watch", "action_flag": 2, "change_message": "[{\"changed\": {\"fields\": [\"Stock\"]}}]"}}, {"model": "admin.logentry", "pk": 670, "fields": {"action_time": "2022-08-22T12:06:35.994Z", "user": 1, "content_type": 9, "object_id": "55", "object_repr": "Noise colorFit Icon Buzz smart Watch", "action_flag": 2, "change_message": "[{\"changed\": {\"fields\": [\"Stock\"]}}]"}}, {"model": "admin.logentry", "pk": 671, "fields": {"action_time": "2022-08-22T12:06:53.813Z", "user": 1, "content_type": 9, "object_id": "55", "object_repr": "Noise colorFit Icon Buzz smart Watch", "action_flag": 2, "change_message": "[{\"changed\": {\"fields\": [\"Stock\"]}}]"}}, {"model": "admin.logentry", "pk": 672, "fields": {"action_time": "2022-08-22T12:08:34.011Z", "user": 1, "content_type": 9, "object_id": "55", "object_repr": "Noise colorFit Icon Buzz smart Watch", "action_flag": 2, "change_message": "[{\"changed\": {\"fields\": [\"Stock\"]}}]"}}, {"model": "admin.logentry", "pk": 673, "fields": {"action_time": "2022-08-22T12:08:53.083Z", "user": 1, "content_type": 9, "object_id": "55", "object_repr": "Noise colorFit Icon Buzz smart Watch", "action_flag": 2, "change_message": "[{\"changed\": {\"fields\": [\"Stock\"]}}]"}}, {"model": "admin.logentry", "pk": 674, "fields": {"action_time": "2022-08-22T12:08:53.156Z", "user": 1, "content_type": 9, "object_id": "55", "object_repr": "Noise colorFit Icon Buzz smart Watch", "action_flag": 2, "change_message": "[]"}}, {"model": "admin.logentry", "pk": 675, "fields": {"action_time": "2022-08-22T12:10:01.069Z", "user": 1, "content_type": 9, "object_id": "55", "object_repr": "Noise colorFit Icon Buzz smart Watch", "action_flag": 2, "change_message": "[{\"changed\": {\"fields\": [\"Stock\"]}}]"}}, {"model": "admin.logentry", "pk": 676, "fields": {"action_time": "2022-08-22T12:10:14.702Z", "user": 1, "content_type": 9, "object_id": "55", "object_repr": "Noise colorFit Icon Buzz smart Watch", "action_flag": 2, "change_message": "[{\"changed\": {\"fields\": [\"Stock\"]}}]"}}, {"model": "admin.logentry", "pk": 677, "fields": {"action_time": "2022-08-22T12:11:04.573Z", "user": 1, "content_type": 9, "object_id": "55", "object_repr": "Noise colorFit Icon Buzz smart Watch", "action_flag": 2, "change_message": "[{\"changed\": {\"fields\": [\"Stock\"]}}]"}}, {"model": "admin.logentry", "pk": 678, "fields": {"action_time": "2022-08-22T12:11:22.173Z", "user": 1, "content_type": 9, "object_id": "55", "object_repr": "Noise colorFit Icon Buzz smart Watch", "action_flag": 2, "change_message": "[{\"changed\": {\"fields\": [\"Stock\"]}}]"}}, {"model": "admin.logentry", "pk": 679, "fields": {"action_time": "2022-08-22T12:12:01.268Z", "user": 1, "content_type": 9, "object_id": "55", "object_repr": "Noise colorFit Icon Buzz smart Watch", "action_flag": 2, "change_message": "[{\"changed\": {\"fields\": [\"Stock\"]}}]"}}, {"model": "admin.logentry", "pk": 680, "fields": {"action_time": "2022-08-22T12:12:36.565Z", "user": 1, "content_type": 9, "object_id": "55", "object_repr": "Noise colorFit Icon Buzz smart Watch", "action_flag": 2, "change_message": "[{\"changed\": {\"fields\": [\"Stock\"]}}]"}}, {"model": "admin.logentry", "pk": 681, "fields": {"action_time": "2022-08-22T12:12:36.662Z", "user": 1, "content_type": 9, "object_id": "55", "object_repr": "Noise colorFit Icon Buzz smart Watch", "action_flag": 2, "change_message": "[]"}}, {"model": "admin.logentry", "pk": 682, "fields": {"action_time": "2022-08-22T12:14:29.353Z", "user": 1, "content_type": 9, "object_id": "55", "object_repr": "Noise colorFit Icon Buzz smart Watch", "action_flag": 2, "change_message": "[{\"changed\": {\"fields\": [\"Stock\"]}}]"}}, {"model": "admin.logentry", "pk": 683, "fields": {"action_time": "2022-08-22T12:14:43.589Z", "user": 1, "content_type": 9, "object_id": "55", "object_repr": "Noise colorFit Icon Buzz smart Watch", "action_flag": 2, "change_message": "[{\"changed\": {\"fields\": [\"Stock\"]}}]"}}, {"model": "admin.logentry", "pk": 684, "fields": {"action_time": "2022-08-22T12:15:20.252Z", "user": 1, "content_type": 9, "object_id": "55", "object_repr": "Noise colorFit Icon Buzz smart Watch", "action_flag": 2, "change_message": "[{\"changed\": {\"fields\": [\"Stock\"]}}]"}}, {"model": "admin.logentry", "pk": 685, "fields": {"action_time": "2022-08-22T12:15:35.584Z", "user": 1, "content_type": 9, "object_id": "55", "object_repr": "Noise colorFit Icon Buzz smart Watch", "action_flag": 2, "change_message": "[{\"changed\": {\"fields\": [\"Stock\"]}}]"}}, {"model": "admin.logentry", "pk": 686, "fields": {"action_time": "2022-08-22T12:20:43.229Z", "user": 1, "content_type": 9, "object_id": "55", "object_repr": "Noise colorFit Icon Buzz smart Watch", "action_flag": 2, "change_message": "[{\"changed\": {\"fields\": [\"Stock\"]}}]"}}, {"model": "admin.logentry", "pk": 687, "fields": {"action_time": "2022-08-22T12:22:44.996Z", "user": 1, "content_type": 9, "object_id": "55", "object_repr": "Noise colorFit Icon Buzz smart Watch", "action_flag": 2, "change_message": "[{\"changed\": {\"fields\": [\"Stock\"]}}]"}}, {"model": "admin.logentry", "pk": 688, "fields": {"action_time": "2022-08-22T12:23:40.815Z", "user": 1, "content_type": 9, "object_id": "55", "object_repr": "Noise colorFit Icon Buzz smart Watch", "action_flag": 2, "change_message": "[{\"changed\": {\"fields\": [\"Stock\"]}}]"}}, {"model": "admin.logentry", "pk": 689, "fields": {"action_time": "2022-08-22T12:23:59.167Z", "user": 1, "content_type": 9, "object_id": "55", "object_repr": "Noise colorFit Icon Buzz smart Watch", "action_flag": 2, "change_message": "[{\"changed\": {\"fields\": [\"Stock\"]}}]"}}, {"model": "admin.logentry", "pk": 690, "fields": {"action_time": "2022-08-22T12:23:59.437Z", "user": 1, "content_type": 9, "object_id": "55", "object_repr": "Noise colorFit Icon Buzz smart Watch", "action_flag": 2, "change_message": "[]"}}, {"model": "admin.logentry", "pk": 691, "fields": {"action_time": "2022-08-23T10:48:02.012Z", "user": 1, "content_type": 23, "object_id": "49", "object_repr": "StockNotification object (49)", "action_flag": 3, "change_message": ""}}, {"model": "admin.logentry", "pk": 692, "fields": {"action_time": "2022-08-23T10:48:02.025Z", "user": 1, "content_type": 23, "object_id": "47", "object_repr": "StockNotification object (47)", "action_flag": 3, "change_message": ""}}, {"model": "admin.logentry", "pk": 693, "fields": {"action_time": "2022-08-23T10:48:02.030Z", "user": 1, "content_type": 23, "object_id": "45", "object_repr": "StockNotification object (45)", "action_flag": 3, "change_message": ""}}, {"model": "admin.logentry", "pk": 694, "fields": {"action_time": "2022-08-23T10:48:02.035Z", "user": 1, "content_type": 23, "object_id": "44", "object_repr": "StockNotification object (44)", "action_flag": 3, "change_message": ""}}, {"model": "admin.logentry", "pk": 695, "fields": {"action_time": "2022-08-23T10:48:02.041Z", "user": 1, "content_type": 23, "object_id": "42", "object_repr": "StockNotification object (42)", "action_flag": 3, "change_message": ""}}, {"model": "admin.logentry", "pk": 696, "fields": {"action_time": "2022-08-23T10:48:02.046Z", "user": 1, "content_type": 23, "object_id": "41", "object_repr": "StockNotification object (41)", "action_flag": 3, "change_message": ""}}, {"model": "admin.logentry", "pk": 697, "fields": {"action_time": "2022-08-23T10:48:02.051Z", "user": 1, "content_type": 23, "object_id": "40", "object_repr": "StockNotification object (40)", "action_flag": 3, "change_message": ""}}, {"model": "admin.logentry", "pk": 698, "fields": {"action_time": "2022-08-23T10:48:02.056Z", "user": 1, "content_type": 23, "object_id": "39", "object_repr": "StockNotification object (39)", "action_flag": 3, "change_message": ""}}, {"model": "admin.logentry", "pk": 699, "fields": {"action_time": "2022-08-23T10:48:02.062Z", "user": 1, "content_type": 23, "object_id": "38", "object_repr": "StockNotification object (38)", "action_flag": 3, "change_message": ""}}, {"model": "admin.logentry", "pk": 700, "fields": {"action_time": "2022-08-23T10:48:02.067Z", "user": 1, "content_type": 23, "object_id": "37", "object_repr": "StockNotification object (37)", "action_flag": 3, "change_message": ""}}, {"model": "admin.logentry", "pk": 701, "fields": {"action_time": "2022-08-23T10:48:02.075Z", "user": 1, "content_type": 23, "object_id": "36", "object_repr": "StockNotification object (36)", "action_flag": 3, "change_message": ""}}, {"model": "admin.logentry", "pk": 702, "fields": {"action_time": "2022-08-23T10:48:02.081Z", "user": 1, "content_type": 23, "object_id": "34", "object_repr": "StockNotification object (34)", "action_flag": 3, "change_message": ""}}, {"model": "admin.logentry", "pk": 703, "fields": {"action_time": "2022-08-23T10:48:02.086Z", "user": 1, "content_type": 23, "object_id": "33", "object_repr": "StockNotification object (33)", "action_flag": 3, "change_message": ""}}, {"model": "admin.logentry", "pk": 704, "fields": {"action_time": "2022-08-23T10:48:02.092Z", "user": 1, "content_type": 23, "object_id": "32", "object_repr": "StockNotification object (32)", "action_flag": 3, "change_message": ""}}, {"model": "admin.logentry", "pk": 705, "fields": {"action_time": "2022-08-23T10:48:02.099Z", "user": 1, "content_type": 23, "object_id": "31", "object_repr": "StockNotification object (31)", "action_flag": 3, "change_message": ""}}, {"model": "admin.logentry", "pk": 706, "fields": {"action_time": "2022-08-23T10:48:02.104Z", "user": 1, "content_type": 23, "object_id": "30", "object_repr": "StockNotification object (30)", "action_flag": 3, "change_message": ""}}, {"model": "admin.logentry", "pk": 707, "fields": {"action_time": "2022-08-23T10:48:02.110Z", "user": 1, "content_type": 23, "object_id": "29", "object_repr": "StockNotification object (29)", "action_flag": 3, "change_message": ""}}, {"model": "admin.logentry", "pk": 708, "fields": {"action_time": "2022-08-23T10:48:02.115Z", "user": 1, "content_type": 23, "object_id": "28", "object_repr": "StockNotification object (28)", "action_flag": 3, "change_message": ""}}, {"model": "admin.logentry", "pk": 709, "fields": {"action_time": "2022-08-23T10:48:02.121Z", "user": 1, "content_type": 23, "object_id": "27", "object_repr": "StockNotification object (27)", "action_flag": 3, "change_message": ""}}, {"model": "admin.logentry", "pk": 710, "fields": {"action_time": "2022-08-23T10:48:02.126Z", "user": 1, "content_type": 23, "object_id": "26", "object_repr": "StockNotification object (26)", "action_flag": 3, "change_message": ""}}, {"model": "admin.logentry", "pk": 711, "fields": {"action_time": "2022-08-23T10:48:02.132Z", "user": 1, "content_type": 23, "object_id": "25", "object_repr": "StockNotification object (25)", "action_flag": 3, "change_message": ""}}, {"model": "admin.logentry", "pk": 712, "fields": {"action_time": "2022-08-23T10:48:02.137Z", "user": 1, "content_type": 23, "object_id": "24", "object_repr": "StockNotification object (24)", "action_flag": 3, "change_message": ""}}, {"model": "admin.logentry", "pk": 713, "fields": {"action_time": "2022-08-23T10:48:02.142Z", "user": 1, "content_type": 23, "object_id": "23", "object_repr": "StockNotification object (23)", "action_flag": 3, "change_message": ""}}, {"model": "admin.logentry", "pk": 714, "fields": {"action_time": "2022-08-23T10:48:02.148Z", "user": 1, "content_type": 23, "object_id": "22", "object_repr": "StockNotification object (22)", "action_flag": 3, "change_message": ""}}, {"model": "admin.logentry", "pk": 715, "fields": {"action_time": "2022-08-23T10:48:02.153Z", "user": 1, "content_type": 23, "object_id": "21", "object_repr": "StockNotification object (21)", "action_flag": 3, "change_message": ""}}, {"model": "admin.logentry", "pk": 716, "fields": {"action_time": "2022-08-23T10:48:02.160Z", "user": 1, "content_type": 23, "object_id": "20", "object_repr": "StockNotification object (20)", "action_flag": 3, "change_message": ""}}, {"model": "admin.logentry", "pk": 717, "fields": {"action_time": "2022-08-23T10:48:02.165Z", "user": 1, "content_type": 23, "object_id": "19", "object_repr": "StockNotification object (19)", "action_flag": 3, "change_message": ""}}, {"model": "admin.logentry", "pk": 718, "fields": {"action_time": "2022-08-23T10:48:02.170Z", "user": 1, "content_type": 23, "object_id": "17", "object_repr": "StockNotification object (17)", "action_flag": 3, "change_message": ""}}, {"model": "admin.logentry", "pk": 719, "fields": {"action_time": "2022-08-23T10:48:02.176Z", "user": 1, "content_type": 23, "object_id": "16", "object_repr": "StockNotification object (16)", "action_flag": 3, "change_message": ""}}, {"model": "admin.logentry", "pk": 720, "fields": {"action_time": "2022-08-23T10:48:02.181Z", "user": 1, "content_type": 23, "object_id": "14", "object_repr": "StockNotification object (14)", "action_flag": 3, "change_message": ""}}, {"model": "admin.logentry", "pk": 721, "fields": {"action_time": "2022-08-23T10:48:02.186Z", "user": 1, "content_type": 23, "object_id": "13", "object_repr": "StockNotification object (13)", "action_flag": 3, "change_message": ""}}, {"model": "admin.logentry", "pk": 722, "fields": {"action_time": "2022-08-23T10:48:02.192Z", "user": 1, "content_type": 23, "object_id": "11", "object_repr": "StockNotification object (11)", "action_flag": 3, "change_message": ""}}, {"model": "admin.logentry", "pk": 723, "fields": {"action_time": "2022-08-23T10:51:57.698Z", "user": 1, "content_type": 23, "object_id": "51", "object_repr": "StockNotification object (51)", "action_flag": 3, "change_message": ""}}, {"model": "admin.logentry", "pk": 724, "fields": {"action_time": "2022-08-23T10:51:57.707Z", "user": 1, "content_type": 23, "object_id": "50", "object_repr": "StockNotification object (50)", "action_flag": 3, "change_message": ""}}, {"model": "admin.logentry", "pk": 725, "fields": {"action_time": "2022-08-23T10:51:57.713Z", "user": 1, "content_type": 23, "object_id": "48", "object_repr": "StockNotification object (48)", "action_flag": 3, "change_message": ""}}, {"model": "admin.logentry", "pk": 726, "fields": {"action_time": "2022-08-23T10:51:57.719Z", "user": 1, "content_type": 23, "object_id": "46", "object_repr": "StockNotification object (46)", "action_flag": 3, "change_message": ""}}, {"model": "admin.logentry", "pk": 727, "fields": {"action_time": "2022-08-23T10:51:57.725Z", "user": 1, "content_type": 23, "object_id": "43", "object_repr": "StockNotification object (43)", "action_flag": 3, "change_message": ""}}, {"model": "admin.logentry", "pk": 728, "fields": {"action_time": "2022-08-23T10:51:57.730Z", "user": 1, "content_type": 23, "object_id": "35", "object_repr": "StockNotification object (35)", "action_flag": 3, "change_message": ""}}, {"model": "admin.logentry", "pk": 729, "fields": {"action_time": "2022-08-23T10:53:27.388Z", "user": 1, "content_type": 9, "object_id": "56", "object_repr": "Fire-Bolt Bluetooth Calling smart watch", "action_flag": 2, "change_message": "[{\"changed\": {\"fields\": [\"Stock\"]}}]"}}, {"model": "admin.logentry", "pk": 730, "fields": {"action_time": "2022-08-23T10:54:00.663Z", "user": 1, "content_type": 9, "object_id": "56", "object_repr": "Fire-Bolt Bluetooth Calling smart watch", "action_flag": 2, "change_message": "[{\"changed\": {\"fields\": [\"Stock\"]}}]"}}, {"model": "admin.logentry", "pk": 731, "fields": {"action_time": "2022-08-23T10:59:15.726Z", "user": 1, "content_type": 9, "object_id": "56", "object_repr": "Fire-Bolt Bluetooth Calling smart watch", "action_flag": 2, "change_message": "[{\"changed\": {\"fields\": [\"Stock\"]}}]"}}, {"model": "admin.logentry", "pk": 732, "fields": {"action_time": "2022-08-23T10:59:30.450Z", "user": 1, "content_type": 9, "object_id": "56", "object_repr": "Fire-Bolt Bluetooth Calling smart watch", "action_flag": 2, "change_message": "[]"}}, {"model": "admin.logentry", "pk": 733, "fields": {"action_time": "2022-08-23T10:59:42.081Z", "user": 1, "content_type": 9, "object_id": "56", "object_repr": "Fire-Bolt Bluetooth Calling smart watch", "action_flag": 2, "change_message": "[{\"changed\": {\"fields\": [\"Stock\"]}}]"}}, {"model": "admin.logentry", "pk": 734, "fields": {"action_time": "2022-08-23T11:11:36.125Z", "user": 1, "content_type": 9, "object_id": "56", "object_repr": "Fire-Bolt Bluetooth Calling smart watch", "action_flag": 2, "change_message": "[{\"changed\": {\"fields\": [\"Stock\"]}}]"}}, {"model": "admin.logentry", "pk": 735, "fields": {"action_time": "2022-08-23T11:11:53.180Z", "user": 1, "content_type": 9, "object_id": "56", "object_repr": "Fire-Bolt Bluetooth Calling smart watch", "action_flag": 2, "change_message": "[{\"changed\": {\"fields\": [\"Stock\"]}}]"}}, {"model": "admin.logentry", "pk": 736, "fields": {"action_time": "2022-08-23T11:12:55.704Z", "user": 1, "content_type": 9, "object_id": "56", "object_repr": "Fire-Bolt Bluetooth Calling smart watch", "action_flag": 2, "change_message": "[{\"changed\": {\"fields\": [\"Stock\"]}}]"}}, {"model": "admin.logentry", "pk": 737, "fields": {"action_time": "2022-08-23T11:13:10.587Z", "user": 1, "content_type": 23, "object_id": "54", "object_repr": "StockNotification object (54)", "action_flag": 3, "change_message": ""}}, {"model": "admin.logentry", "pk": 738, "fields": {"action_time": "2022-08-23T11:13:10.595Z", "user": 1, "content_type": 23, "object_id": "53", "object_repr": "StockNotification object (53)", "action_flag": 3, "change_message": ""}}, {"model": "admin.logentry", "pk": 739, "fields": {"action_time": "2022-08-23T11:13:10.601Z", "user": 1, "content_type": 23, "object_id": "52", "object_repr": "StockNotification object (52)", "action_flag": 3, "change_message": ""}}, {"model": "admin.logentry", "pk": 740, "fields": {"action_time": "2022-08-23T11:13:10.607Z", "user": 1, "content_type": 23, "object_id": "18", "object_repr": "StockNotification object (18)", "action_flag": 3, "change_message": ""}}, {"model": "admin.logentry", "pk": 741, "fields": {"action_time": "2022-08-23T11:17:53.606Z", "user": 1, "content_type": 9, "object_id": "56", "object_repr": "Fire-Bolt Bluetooth Calling smart watch", "action_flag": 2, "change_message": "[{\"changed\": {\"fields\": [\"Stock\"]}}]"}}, {"model": "admin.logentry", "pk": 742, "fields": {"action_time": "2022-08-23T11:18:07.357Z", "user": 1, "content_type": 9, "object_id": "56", "object_repr": "Fire-Bolt Bluetooth Calling smart watch", "action_flag": 2, "change_message": "[{\"changed\": {\"fields\": [\"Stock\"]}}]"}}, {"model": "admin.logentry", "pk": 743, "fields": {"action_time": "2022-08-23T11:18:56.005Z", "user": 1, "content_type": 9, "object_id": "55", "object_repr": "Noise colorFit Icon Buzz smart Watch", "action_flag": 2, "change_message": "[{\"changed\": {\"fields\": [\"Stock\"]}}]"}}, {"model": "admin.logentry", "pk": 744, "fields": {"action_time": "2022-08-23T11:19:08.038Z", "user": 1, "content_type": 9, "object_id": "55", "object_repr": "Noise colorFit Icon Buzz smart Watch", "action_flag": 2, "change_message": "[{\"changed\": {\"fields\": [\"Stock\"]}}]"}}, {"model": "admin.logentry", "pk": 745, "fields": {"action_time": "2022-08-23T11:20:05.385Z", "user": 1, "content_type": 9, "object_id": "56", "object_repr": "Fire-Bolt Bluetooth Calling smart watch", "action_flag": 2, "change_message": "[{\"changed\": {\"fields\": [\"Stock\"]}}]"}}, {"model": "admin.logentry", "pk": 746, "fields": {"action_time": "2022-08-23T11:20:12.366Z", "user": 1, "content_type": 9, "object_id": "56", "object_repr": "Fire-Bolt Bluetooth Calling smart watch", "action_flag": 2, "change_message": "[]"}}, {"model": "admin.logentry", "pk": 747, "fields": {"action_time": "2022-08-23T11:21:12.082Z", "user": 1, "content_type": 9, "object_id": "55", "object_repr": "Noise colorFit Icon Buzz smart Watch", "action_flag": 2, "change_message": "[{\"changed\": {\"fields\": [\"Stock\"]}}]"}}, {"model": "admin.logentry", "pk": 748, "fields": {"action_time": "2022-08-23T11:21:29.565Z", "user": 1, "content_type": 9, "object_id": "55", "object_repr": "Noise colorFit Icon Buzz smart Watch", "action_flag": 2, "change_message": "[{\"changed\": {\"fields\": [\"Stock\"]}}]"}}, {"model": "admin.logentry", "pk": 749, "fields": {"action_time": "2022-08-23T11:36:23.633Z", "user": 1, "content_type": 9, "object_id": "55", "object_repr": "Noise colorFit Icon Buzz smart Watch", "action_flag": 2, "change_message": "[{\"changed\": {\"fields\": [\"Stock\"]}}]"}}, {"model": "admin.logentry", "pk": 750, "fields": {"action_time": "2022-08-23T11:36:38.482Z", "user": 1, "content_type": 9, "object_id": "55", "object_repr": "Noise colorFit Icon Buzz smart Watch", "action_flag": 2, "change_message": "[{\"changed\": {\"fields\": [\"Stock\"]}}]"}}, {"model": "admin.logentry", "pk": 751, "fields": {"action_time": "2022-08-23T11:45:09.065Z", "user": 1, "content_type": 9, "object_id": "55", "object_repr": "Noise colorFit Icon Buzz smart Watch", "action_flag": 2, "change_message": "[{\"changed\": {\"fields\": [\"Stock\"]}}]"}}, {"model": "admin.logentry", "pk": 752, "fields": {"action_time": "2022-08-23T11:45:20.087Z", "user": 1, "content_type": 9, "object_id": "55", "object_repr": "Noise colorFit Icon Buzz smart Watch", "action_flag": 2, "change_message": "[{\"changed\": {\"fields\": [\"Stock\"]}}]"}}, {"model": "admin.logentry", "pk": 753, "fields": {"action_time": "2022-08-23T11:46:20.458Z", "user": 1, "content_type": 9, "object_id": "56", "object_repr": "Fire-Bolt Bluetooth Calling smart watch", "action_flag": 2, "change_message": "[{\"changed\": {\"fields\": [\"Stock\"]}}]"}}, {"model": "admin.logentry", "pk": 754, "fields": {"action_time": "2022-08-23T11:46:41.212Z", "user": 1, "content_type": 9, "object_id": "56", "object_repr": "Fire-Bolt Bluetooth Calling smart watch", "action_flag": 2, "change_message": "[{\"changed\": {\"fields\": [\"Stock\"]}}]"}}, {"model": "admin.logentry", "pk": 755, "fields": {"action_time": "2022-08-23T11:47:03.321Z", "user": 1, "content_type": 9, "object_id": "56", "object_repr": "Fire-Bolt Bluetooth Calling smart watch", "action_flag": 2, "change_message": "[{\"changed\": {\"fields\": [\"Stock\"]}}]"}}, {"model": "admin.logentry", "pk": 756, "fields": {"action_time": "2022-08-23T11:47:38.073Z", "user": 1, "content_type": 9, "object_id": "56", "object_repr": "Fire-Bolt Bluetooth Calling smart watch", "action_flag": 2, "change_message": "[{\"changed\": {\"fields\": [\"Stock\"]}}]"}}, {"model": "admin.logentry", "pk": 757, "fields": {"action_time": "2022-08-23T11:50:31.267Z", "user": 1, "content_type": 9, "object_id": "56", "object_repr": "Fire-Bolt Bluetooth Calling smart watch", "action_flag": 2, "change_message": "[{\"changed\": {\"fields\": [\"Stock\"]}}]"}}, {"model": "admin.logentry", "pk": 758, "fields": {"action_time": "2022-08-23T11:51:17.990Z", "user": 1, "content_type": 9, "object_id": "55", "object_repr": "Noise colorFit Icon Buzz smart Watch", "action_flag": 2, "change_message": "[{\"changed\": {\"fields\": [\"Stock\"]}}]"}}, {"model": "admin.logentry", "pk": 759, "fields": {"action_time": "2022-08-23T11:52:05.169Z", "user": 1, "content_type": 9, "object_id": "56", "object_repr": "Fire-Bolt Bluetooth Calling smart watch", "action_flag": 2, "change_message": "[{\"changed\": {\"fields\": [\"Stock\"]}}]"}}, {"model": "admin.logentry", "pk": 760, "fields": {"action_time": "2022-08-23T11:52:12.405Z", "user": 1, "content_type": 9, "object_id": "55", "object_repr": "Noise colorFit Icon Buzz smart Watch", "action_flag": 2, "change_message": "[{\"changed\": {\"fields\": [\"Stock\"]}}]"}}, {"model": "auth.permission", "pk": 1, "fields": {"name": "Can add log entry", "content_type": 1, "codename": "add_logentry"}}, {"model": "auth.permission", "pk": 2, "fields": {"name": "Can change log entry", "content_type": 1, "codename": "change_logentry"}}, {"model": "auth.permission", "pk": 3, "fields": {"name": "Can delete log entry", "content_type": 1, "codename": "delete_logentry"}}, {"model": "auth.permission", "pk": 4, "fields": {"name": "Can view log entry", "content_type": 1, "codename": "view_logentry"}}, {"model": "auth.permission", "pk": 5, "fields": {"name": "Can add permission", "content_type": 2, "codename": "add_permission"}}, {"model": "auth.permission", "pk": 6, "fields": {"name": "Can change permission", "content_type": 2, "codename": "change_permission"}}, {"model": "auth.permission", "pk": 7, "fields": {"name": "Can delete permission", "content_type": 2, "codename": "delete_permission"}}, {"model": "auth.permission", "pk": 8, "fields": {"name": "Can view permission", "content_type": 2, "codename": "view_permission"}}, {"model": "auth.permission", "pk": 9, "fields": {"name": "Can add group", "content_type": 3, "codename": "add_group"}}, {"model": "auth.permission", "pk": 10, "fields": {"name": "Can change group", "content_type": 3, "codename": "change_group"}}, {"model": "auth.permission", "pk": 11, "fields": {"name": "Can delete group", "content_type": 3, "codename": "delete_group"}}, {"model": "auth.permission", "pk": 12, "fields": {"name": "Can view group", "content_type": 3, "codename": "view_group"}}, {"model": "auth.permission", "pk": 13, "fields": {"name": "Can add content type", "content_type": 4, "codename": "add_contenttype"}}, {"model": "auth.permission", "pk": 14, "fields": {"name": "Can change content type", "content_type": 4, "codename": "change_contenttype"}}, {"model": "auth.permission", "pk": 15, "fields": {"name": "Can delete content type", "content_type": 4, "codename": "delete_contenttype"}}, {"model": "auth.permission", "pk": 16, "fields": {"name": "Can view content type", "content_type": 4, "codename": "view_contenttype"}}, {"model": "auth.permission", "pk": 17, "fields": {"name": "Can add session", "content_type": 5, "codename": "add_session"}}, {"model": "auth.permission", "pk": 18, "fields": {"name": "Can change session", "content_type": 5, "codename": "change_session"}}, {"model": "auth.permission", "pk": 19, "fields": {"name": "Can delete session", "content_type": 5, "codename": "delete_session"}}, {"model": "auth.permission", "pk": 20, "fields": {"name": "Can view session", "content_type": 5, "codename": "view_session"}}, {"model": "auth.permission", "pk": 21, "fields": {"name": "Can add category", "content_type": 6, "codename": "add_category"}}, {"model": "auth.permission", "pk": 22, "fields": {"name": "Can change category", "content_type": 6, "codename": "change_category"}}, {"model": "auth.permission", "pk": 23, "fields": {"name": "Can delete category", "content_type": 6, "codename": "delete_category"}}, {"model": "auth.permission", "pk": 24, "fields": {"name": "Can view category", "content_type": 6, "codename": "view_category"}}, {"model": "auth.permission", "pk": 25, "fields": {"name": "Can add account", "content_type": 7, "codename": "add_account"}}, {"model": "auth.permission", "pk": 26, "fields": {"name": "Can change account", "content_type": 7, "codename": "change_account"}}, {"model": "auth.permission", "pk": 27, "fields": {"name": "Can delete account", "content_type": 7, "codename": "delete_account"}}, {"model": "auth.permission", "pk": 28, "fields": {"name": "Can view account", "content_type": 7, "codename": "view_account"}}, {"model": "auth.permission", "pk": 29, "fields": {"name": "Can add subcategory", "content_type": 8, "codename": "add_subcategory"}}, {"model": "auth.permission", "pk": 30, "fields": {"name": "Can change subcategory", "content_type": 8, "codename": "change_subcategory"}}, {"model": "auth.permission", "pk": 31, "fields": {"name": "Can delete subcategory", "content_type": 8, "codename": "delete_subcategory"}}, {"model": "auth.permission", "pk": 32, "fields": {"name": "Can view subcategory", "content_type": 8, "codename": "view_subcategory"}}, {"model": "auth.permission", "pk": 33, "fields": {"name": "Can add product", "content_type": 9, "codename": "add_product"}}, {"model": "auth.permission", "pk": 34, "fields": {"name": "Can change product", "content_type": 9, "codename": "change_product"}}, {"model": "auth.permission", "pk": 35, "fields": {"name": "Can delete product", "content_type": 9, "codename": "delete_product"}}, {"model": "auth.permission", "pk": 36, "fields": {"name": "Can view product", "content_type": 9, "codename": "view_product"}}, {"model": "auth.permission", "pk": 37, "fields": {"name": "Can add cart", "content_type": 10, "codename": "add_cart"}}, {"model": "auth.permission", "pk": 38, "fields": {"name": "Can change cart", "content_type": 10, "codename": "change_cart"}}, {"model": "auth.permission", "pk": 39, "fields": {"name": "Can delete cart", "content_type": 10, "codename": "delete_cart"}}, {"model": "auth.permission", "pk": 40, "fields": {"name": "Can view cart", "content_type": 10, "codename": "view_cart"}}, {"model": "auth.permission", "pk": 41, "fields": {"name": "Can add cart item", "content_type": 11, "codename": "add_cartitem"}}, {"model": "auth.permission", "pk": 42, "fields": {"name": "Can change cart item", "content_type": 11, "codename": "change_cartitem"}}, {"model": "auth.permission", "pk": 43, "fields": {"name": "Can delete cart item", "content_type": 11, "codename": "delete_cartitem"}}, {"model": "auth.permission", "pk": 44, "fields": {"name": "Can view cart item", "content_type": 11, "codename": "view_cartitem"}}, {"model": "auth.permission", "pk": 45, "fields": {"name": "Can add wish list", "content_type": 12, "codename": "add_wishlist"}}, {"model": "auth.permission", "pk": 46, "fields": {"name": "Can change wish list", "content_type": 12, "codename": "change_wishlist"}}, {"model": "auth.permission", "pk": 47, "fields": {"name": "Can delete wish list", "content_type": 12, "codename": "delete_wishlist"}}, {"model": "auth.permission", "pk": 48, "fields": {"name": "Can view wish list", "content_type": 12, "codename": "view_wishlist"}}, {"model": "auth.permission", "pk": 49, "fields": {"name": "Can add variation", "content_type": 13, "codename": "add_variation"}}, {"model": "auth.permission", "pk": 50, "fields": {"name": "Can change variation", "content_type": 13, "codename": "change_variation"}}, {"model": "auth.permission", "pk": 51, "fields": {"name": "Can delete variation", "content_type": 13, "codename": "delete_variation"}}, {"model": "auth.permission", "pk": 52, "fields": {"name": "Can view variation", "content_type": 13, "codename": "view_variation"}}, {"model": "auth.permission", "pk": 53, "fields": {"name": "Can add payment", "content_type": 14, "codename": "add_payment"}}, {"model": "auth.permission", "pk": 54, "fields": {"name": "Can change payment", "content_type": 14, "codename": "change_payment"}}, {"model": "auth.permission", "pk": 55, "fields": {"name": "Can delete payment", "content_type": 14, "codename": "delete_payment"}}, {"model": "auth.permission", "pk": 56, "fields": {"name": "Can view payment", "content_type": 14, "codename": "view_payment"}}, {"model": "auth.permission", "pk": 57, "fields": {"name": "Can add order", "content_type": 15, "codename": "add_order"}}, {"model": "auth.permission", "pk": 58, "fields": {"name": "Can change order", "content_type": 15, "codename": "change_order"}}, {"model": "auth.permission", "pk": 59, "fields": {"name": "Can delete order", "content_type": 15, "codename": "delete_order"}}, {"model": "auth.permission", "pk": 60, "fields": {"name": "Can view order", "content_type": 15, "codename": "view_order"}}, {"model": "auth.permission", "pk": 61, "fields": {"name": "Can add order product", "content_type": 16, "codename": "add_orderproduct"}}, {"model": "auth.permission", "pk": 62, "fields": {"name": "Can change order product", "content_type": 16, "codename": "change_orderproduct"}}, {"model": "auth.permission", "pk": 63, "fields": {"name": "Can delete order product", "content_type": 16, "codename": "delete_orderproduct"}}, {"model": "auth.permission", "pk": 64, "fields": {"name": "Can view order product", "content_type": 16, "codename": "view_orderproduct"}}, {"model": "auth.permission", "pk": 65, "fields": {"name": "Can add review rating", "content_type": 17, "codename": "add_reviewrating"}}, {"model": "auth.permission", "pk": 66, "fields": {"name": "Can change review rating", "content_type": 17, "codename": "change_reviewrating"}}, {"model": "auth.permission", "pk": 67, "fields": {"name": "Can delete review rating", "content_type": 17, "codename": "delete_reviewrating"}}, {"model": "auth.permission", "pk": 68, "fields": {"name": "Can view review rating", "content_type": 17, "codename": "view_reviewrating"}}, {"model": "auth.permission", "pk": 69, "fields": {"name": "Can add user profile", "content_type": 18, "codename": "add_userprofile"}}, {"model": "auth.permission", "pk": 70, "fields": {"name": "Can change user profile", "content_type": 18, "codename": "change_userprofile"}}, {"model": "auth.permission", "pk": 71, "fields": {"name": "Can delete user profile", "content_type": 18, "codename": "delete_userprofile"}}, {"model": "auth.permission", "pk": 72, "fields": {"name": "Can view user profile", "content_type": 18, "codename": "view_userprofile"}}, {"model": "auth.permission", "pk": 73, "fields": {"name": "Can add product gallery", "content_type": 19, "codename": "add_productgallery"}}, {"model": "auth.permission", "pk": 74, "fields": {"name": "Can change product gallery", "content_type": 19, "codename": "change_productgallery"}}, {"model": "auth.permission", "pk": 75, "fields": {"name": "Can delete product gallery", "content_type": 19, "codename": "delete_productgallery"}}, {"model": "auth.permission", "pk": 76, "fields": {"name": "Can view product gallery", "content_type": 19, "codename": "view_productgallery"}}, {"model": "auth.permission", "pk": 77, "fields": {"name": "Can add task result", "content_type": 20, "codename": "add_taskresult"}}, {"model": "auth.permission", "pk": 78, "fields": {"name": "Can change task result", "content_type": 20, "codename": "change_taskresult"}}, {"model": "auth.permission", "pk": 79, "fields": {"name": "Can delete task result", "content_type": 20, "codename": "delete_taskresult"}}, {"model": "auth.permission", "pk": 80, "fields": {"name": "Can view task result", "content_type": 20, "codename": "view_taskresult"}}, {"model": "auth.permission", "pk": 81, "fields": {"name": "Can add chord counter", "content_type": 21, "codename": "add_chordcounter"}}, {"model": "auth.permission", "pk": 82, "fields": {"name": "Can change chord counter", "content_type": 21, "codename": "change_chordcounter"}}, {"model": "auth.permission", "pk": 83, "fields": {"name": "Can delete chord counter", "content_type": 21, "codename": "delete_chordcounter"}}, {"model": "auth.permission", "pk": 84, "fields": {"name": "Can view chord counter", "content_type": 21, "codename": "view_chordcounter"}}, {"model": "auth.permission", "pk": 85, "fields": {"name": "Can add group result", "content_type": 22, "codename": "add_groupresult"}}, {"model": "auth.permission", "pk": 86, "fields": {"name": "Can change group result", "content_type": 22, "codename": "change_groupresult"}}, {"model": "auth.permission", "pk": 87, "fields": {"name": "Can delete group result", "content_type": 22, "codename": "delete_groupresult"}}, {"model": "auth.permission", "pk": 88, "fields": {"name": "Can view group result", "content_type": 22, "codename": "view_groupresult"}}, {"model": "auth.permission", "pk": 89, "fields": {"name": "Can add stock notification", "content_type": 23, "codename": "add_stocknotification"}}, {"model": "auth.permission", "pk": 90, "fields": {"name": "Can change stock notification", "content_type": 23, "codename": "change_stocknotification"}}, {"model": "auth.permission", "pk": 91, "fields": {"name": "Can delete stock notification", "content_type": 23, "codename": "delete_stocknotification"}}, {"model": "auth.permission", "pk": 92, "fields": {"name": "Can view stock notification", "content_type": 23, "codename": "view_stocknotification"}}, {"model": "contenttypes.contenttype", "pk": 1, "fields": {"app_label": "admin", "model": "logentry"}}, {"model": "contenttypes.contenttype", "pk": 2, "fields": {"app_label": "auth", "model": "permission"}}, {"model": "contenttypes.contenttype", "pk": 3, "fields": {"app_label": "auth", "model": "group"}}, {"model": "contenttypes.contenttype", "pk": 4, "fields": {"app_label": "contenttypes", "model": "contenttype"}}, {"model": "contenttypes.contenttype", "pk": 5, "fields": {"app_label": "sessions", "model": "session"}}, {"model": "contenttypes.contenttype", "pk": 6, "fields": {"app_label": "category", "model": "category"}}, {"model": "contenttypes.contenttype", "pk": 7, "fields": {"app_label": "accounts", "model": "account"}}, {"model": "contenttypes.contenttype", "pk": 8, "fields": {"app_label": "category", "model": "subcategory"}}, {"model": "contenttypes.contenttype", "pk": 9, "fields": {"app_label": "store", "model": "product"}}, {"model": "contenttypes.contenttype", "pk": 10, "fields": {"app_label": "carts", "model": "cart"}}, {"model": "contenttypes.contenttype", "pk": 11, "fields": {"app_label": "carts", "model": "cartitem"}}, {"model": "contenttypes.contenttype", "pk": 12, "fields": {"app_label": "carts", "model": "wishlist"}}, {"model": "contenttypes.contenttype", "pk": 13, "fields": {"app_label": "store", "model": "variation"}}, {"model": "contenttypes.contenttype", "pk": 14, "fields": {"app_label": "orders", "model": "payment"}}, {"model": "contenttypes.contenttype", "pk": 15, "fields": {"app_label": "orders", "model": "order"}}, {"model": "contenttypes.contenttype", "pk": 16, "fields": {"app_label": "orders", "model": "orderproduct"}}, {"model": "contenttypes.contenttype", "pk": 17, "fields": {"app_label": "store", "model": "reviewrating"}}, {"model": "contenttypes.contenttype", "pk": 18, "fields": {"app_label": "accounts", "model": "userprofile"}}, {"model": "contenttypes.contenttype", "pk": 19, "fields": {"app_label": "store", "model": "productgallery"}}, {"model": "contenttypes.contenttype", "pk": 20, "fields": {"app_label": "django_celery_results", "model": "taskresult"}}, {"model": "contenttypes.contenttype", "pk": 21, "fields": {"app_label": "django_celery_results", "model": "chordcounter"}}, {"model": "contenttypes.contenttype", "pk": 22, "fields": {"app_label": "django_celery_results", "model": "groupresult"}}, {"model": "contenttypes.contenttype", "pk": 23, "fields": {"app_label": "store", "model": "stocknotification"}}, {"model": "sessions.session", "pk": "137xqmzrjt2c0svwfwaqmjlxit5lmmj3", "fields": {"session_data": "e30:1oOFAE:yn9UhvZZ7ZvAfZEx0qPvb_8igmHG916lOm9-O8OntyM", "expire_date": "2022-08-31T09:16:38.878Z"}}, {"model": "sessions.session", "pk": "1orvbvh2kez6xzpyilkgj227m07yz5pj", "fields": {"session_data": ".eJxVjDsOwjAQRO_iGlmbjb-U9JzBWnsNDiBbipMKcXcSKQVounlv5i0CrUsJa89zmFicxSBOv12k9Mx1B_ygem8ytbrMU5S7Ig_a5bVxfl0O9--gUC_bWoMyN3SJebCGwBtLGdlaA1sYPSrMo9PJkLZx9BGBAKIGZ42KNKL4fAG8dTal:1oEaii:i1JAvZaCbg5U89uXp4ftsqx7M_aYGh7Dgfp90V-SLSo", "expire_date": "2022-08-04T18:16:20.625Z"}}, {"model": "sessions.session", "pk": "1q5t31bv7ag6ylojby1uq0gkvl4s88fw", "fields": {"session_data": ".eJxVjDsOwjAQRO_iGlmbjb-U9JzBWnsNDiBbipMKcXcSKQVounlv5i0CrUsJa89zmFicxSBOv12k9Mx1B_ygem8ytbrMU5S7Ig_a5bVxfl0O9--gUC_bWoMyN3SJebCGwBtLGdlaA1sYPSrMo9PJkLZx9BGBAKIGZ42KNKL4fAG8dTal:1oH3XR:rsw__iojeZvFnDqRITpleIThM-7UC_RrYHgpuYLbVIc", "expire_date": "2022-08-11T13:26:53.078Z"}}, {"model": "sessions.session", "pk": "24daujvuft9izpv51qv27by6qfbbrv36", "fields": {"session_data": ".eJxVjDsOwjAQRO_iGlmbjb-U9JzBWnsNDiBbipMKcXcSKQVounlv5i0CrUsJa89zmFicxSBOv12k9Mx1B_ygem8ytbrMU5S7Ig_a5bVxfl0O9--gUC_bWoMyN3SJebCGwBtLGdlaA1sYPSrMo9PJkLZx9BGBAKIGZ42KNKL4fAG8dTal:1oFKw5:55K-dzAAdF4ycWOPg1puRfGyPUppAXq8O8RyhkJULgc", "expire_date": "2022-08-06T19:37:13.680Z"}}, {"model": "sessions.session", "pk": "292n12ak825bun1shb38jjgj1caytuak", "fields": {"session_data": ".eJxVjDsOwjAQRO_iGlmbjb-U9JzBWnsNDiBbipMKcXcSKQVounlv5i0CrUsJa89zmFicxSBOv12k9Mx1B_ygem8ytbrMU5S7Ig_a5bVxfl0O9--gUC_bWoMyN3SJebCGwBtLGdlaA1sYPSrMo9PJkLZx9BGBAKIGZ42KNKL4fAG8dTal:1oD0vp:gjvNyWiUxiWZbi2pS1jzj5gnd-sVSRAiJwZe7kZUiaQ", "expire_date": "2022-07-31T09:51:21.589Z"}}, {"model": "sessions.session", "pk": "2gal1w9d2s90ebwrzq3istt8kckniwir", "fields": {"session_data": ".eJxVjDsOwyAQRO9CHSHAfJaU6X0GtAs4OIlAMnYV5e6xJRdJM8W8N_NmAbe1hK3nJcyJXZlkl9-OMD5zPUB6YL03Hltdl5n4ofCTdj62lF-30_07KNjLvjYwUYyoBytNUuSjpugpKzl5BclmAkpmICecdgCAJMTg0QB5b_dQ7PMF-jU36w:1oP4BF:MRvEMHnCitn-Qm3mP_iBTqLGNr4clocL5AtADC8FbKY", "expire_date": "2022-09-02T15:45:05.937Z"}}, {"model": "sessions.session", "pk": "3h5reenbckdlicbq2p5uqa0mlf8k5917", "fields": {"session_data": ".eJxVjDsOwjAQRO_iGlmbjb-U9JzBWnsNDiBbipMKcXcSKQVounlv5i0CrUsJa89zmFicxSBOv12k9Mx1B_ygem8ytbrMU5S7Ig_a5bVxfl0O9--gUC_bWoMyN3SJebCGwBtLGdlaA1sYPSrMo9PJkLZx9BGBAKIGZ42KNKL4fAG8dTal:1oFa9K:agForBvoJsnSxNfmYDBc2x8g76dUyYBhMCyfIm0i_k4", "expire_date": "2022-08-07T11:51:54.826Z"}}, {"model": "sessions.session", "pk": "4hsy8hetcqqu3hhvebzov6pdwi5o667c", "fields": {"session_data": ".eJxVjDsOwyAQRO9CHSHAfJaU6X0GtAs4OIlAMnYV5e6xJRdJM8W8N_NmAbe1hK3nJcyJXZlkl9-OMD5zPUB6YL03Hltdl5n4ofCTdj62lF-30_07KNjLvjYwUYyoBytNUuSjpugpKzl5BclmAkpmICecdgCAJMTg0QB5b_dQ7PMF-jU36w:1oOFAw:rdpUF-r-34yMsUXEbUYJVGM1qYQCgT2G883NstkMw7U", "expire_date": "2022-08-31T09:17:22.041Z"}}, {"model": "sessions.session", "pk": "74naf047pmy05shdtes3vy5dqbojwlyi", "fields": {"session_data": "e30:1o9Sla:UDgi3PDMVFSMTrTCCd7of1bbmNkKQwKTTzUfH3ZIR04", "expire_date": "2022-07-21T14:46:06.319Z"}}, {"model": "sessions.session", "pk": "75fxbyaadwazl7a9c25rnxkltge7jduv", "fields": {"session_data": ".eJxVjDsOwyAQRO9CHSHAfJaU6X0GtAs4OIlAMnYV5e6xJRdJM8W8N_NmAbe1hK3nJcyJXZlkl9-OMD5zPUB6YL03Hltdl5n4ofCTdj62lF-30_07KNjLvjYwUYyoBytNUuSjpugpKzl5BclmAkpmICecdgCAJMTg0QB5b_dQ7PMF-jU36w:1oLjBi:8DYQEZZfk1DewVz5tWDhUQkGyoBHKm1PshspMLTczYE", "expire_date": "2022-08-24T10:43:46.040Z"}}, {"model": "sessions.session", "pk": "76npkt07menjwjw9pincddjfs88fejtb", "fields": {"session_data": "e30:1o6xhY:tc6MQ1Po8CcuOkTSI3iKYvMZ2zeYPiWlc77kOsGYVow", "expire_date": "2022-07-14T17:11:36.499Z"}}, {"model": "sessions.session", "pk": "augcvsqewwg9u3meosnzohrffoiziggk", "fields": {"session_data": ".eJxVjDsOwjAQRO_iGlmbjb-U9JzBWnsNDiBbipMKcXcSKQVounlv5i0CrUsJa89zmFicxSBOv12k9Mx1B_ygem8ytbrMU5S7Ig_a5bVxfl0O9--gUC_bWoMyN3SJebCGwBtLGdlaA1sYPSrMo9PJkLZx9BGBAKIGZ42KNKL4fAG8dTal:1oJGuC:zGxwycwOEpRoebWOodDB5xeYHLrJgbfBt8mJ1nre5I8", "expire_date": "2022-08-17T16:07:32.833Z"}}, {"model": "sessions.session", "pk": "bndtgca31tasc1t6fscjc695guenclbd", "fields": {"session_data": "e30:1oKRJF:M3rwKsQf228Z3f7au3b0zPtDnZ1QJsfeHh2quntreOs", "expire_date": "2022-08-20T21:26:13.491Z"}}, {"model": "sessions.session", "pk": "bnknt0ujz40p39if59bynzsgdqe7o8wv", "fields": {"session_data": "e30:1oQRP8:QFysQQKvN01b442gkPU2sbHVK553i95SCLmSZK7_NIo", "expire_date": "2022-09-06T10:45:06.858Z"}}, {"model": "sessions.session", "pk": "bp4z71ium1p628yu2kzkp0konlgmeplv", "fields": {"session_data": ".eJxVjDsOwjAQRO_iGlmbjb-U9JzBWnsNDiBbipMKcXcSKQVounlv5i0CrUsJa89zmFicxSBOv12k9Mx1B_ygem8ytbrMU5S7Ig_a5bVxfl0O9--gUC_bWoMyN3SJebCGwBtLGdlaA1sYPSrMo9PJkLZx9BGBAKIGZ42KNKL4fAG8dTal:1nx3rE:17z5YI3ibpno-BiJIHJHPmTwutdoMSqZt8cK2toFM2Q", "expire_date": "2022-06-17T09:44:40.228Z"}}, {"model": "sessions.session", "pk": "cb8wd6mygo38e39ay1wlxqddbyty1okw", "fields": {"session_data": ".eJxVjDsOwyAQRO9CHSHAfJaU6X0GtAs4OIlAMnYV5e6xJRdJM8W8N_NmAbe1hK3nJcyJXZlkl9-OMD5zPUB6YL03Hltdl5n4ofCTdj62lF-30_07KNjLvjYwUYyoBytNUuSjpugpKzl5BclmAkpmICecdgCAJMTg0QB5b_dQ7PMF-jU36w:1oQ5NV:rbH1F76HpdaKVFEt82lohTf8LE4psOtP4QHR0ZEa0Qw", "expire_date": "2022-09-05T11:13:57.572Z"}}, {"model": "sessions.session", "pk": "da838evmv7un53sqnmx8evps7kiaz1x6", "fields": {"session_data": ".eJxVjDsOwjAQRO_iGlmbjb-U9JzBWnsNDiBbipMKcXcSKQVounlv5i0CrUsJa89zmFicxSBOv12k9Mx1B_ygem8ytbrMU5S7Ig_a5bVxfl0O9--gUC_bWoMyN3SJebCGwBtLGdlaA1sYPSrMo9PJkLZx9BGBAKIGZ42KNKL4fAG8dTal:1oFvsu:eHuynBj8ubFwowcJhmI3-AdnO94WPhUXby0Tur_FXIs", "expire_date": "2022-08-08T11:04:24.919Z"}}, {"model": "sessions.session", "pk": "dmzpa7u94cp1jhuc29senn7huo5d97sn", "fields": {"session_data": "e30:1o6xhO:-9wE-tTeCorgKCiM3Lrw1gBg50Qrln_IUj4Nsq-2Q2A", "expire_date": "2022-07-14T17:11:26.536Z"}}, {"model": "sessions.session", "pk": "dvjeg2vk0529kmi0twp82ngi8eoyzhkj", "fields": {"session_data": ".eJxVjDsOwjAQRO_iGlmbjb-U9JzBWnsNDiBbipMKcXcSKQVounlv5i0CrUsJa89zmFicxSBOv12k9Mx1B_ygem8ytbrMU5S7Ig_a5bVxfl0O9--gUC_bWoMyN3SJebCGwBtLGdlaA1sYPSrMo9PJkLZx9BGBAKIGZ42KNKL4fAG8dTal:1o6yBy:9bFAUGSAd9L48bUn4a4-sLbp4-onaaL_82qC5XBWJas", "expire_date": "2022-07-14T17:43:02.363Z"}}, {"model": "sessions.session", "pk": "e1hvus2y44swo97zs23q4m1q2vf373q5", "fields": {"session_data": ".eJxVjDsOwjAQRO_iGlmbjb-U9JzBWnsNDiBbipMKcXcSKQVounlv5i0CrUsJa89zmFicxSBOv12k9Mx1B_ygem8ytbrMU5S7Ig_a5bVxfl0O9--gUC_bWoMyN3SJebCGwBtLGdlaA1sYPSrMo9PJkLZx9BGBAKIGZ42KNKL4fAG8dTal:1oHV1J:-ynZX1ttvONqXcaw0YRWwy6mrmOZAyeprhHPAx35hFo", "expire_date": "2022-08-12T18:47:33.729Z"}}, {"model": "sessions.session", "pk": "eezejmre97rdds2pf6kyz5u9aivj4g89", "fields": {"session_data": ".eJxVjDsOwjAQRO_iGlmbjb-U9JzBWnsNDiBbipMKcXcSKQVounlv5i0CrUsJa89zmFicxSBOv12k9Mx1B_ygem8ytbrMU5S7Ig_a5bVxfl0O9--gUC_bWoMyN3SJebCGwBtLGdlaA1sYPSrMo9PJkLZx9BGBAKIGZ42KNKL4fAG8dTal:1oCmnp:jDws10Hw4psCQx7nYZxEYzj3TmZShAY2l9iyZlaswbw", "expire_date": "2022-07-30T18:46:09.113Z"}}, {"model": "sessions.session", "pk": "f6f6kgeb7kambf6l8b7jkrrfzllvciek", "fields": {"session_data": ".eJxVjDsOwyAQRO9CHSHAfJaU6X0GtAs4OIlAMnYV5e6xJRdJM8W8N_NmAbe1hK3nJcyJXZlkl9-OMD5zPUB6YL03Hltdl5n4ofCTdj62lF-30_07KNjLvjYwUYyoBytNUuSjpugpKzl5BclmAkpmICecdgCAJMTg0QB5b_dQ7PMF-jU36w:1oNzcJ:BGnRv86MOGNiXUvtaqxpR2ER6Y1swTSjhI5M9mGaojM", "expire_date": "2022-08-30T16:40:35.173Z"}}, {"model": "sessions.session", "pk": "fcyl9g1r6mj7stuxlyygsxm5fhnwh3ev", "fields": {"session_data": ".eJxVjDsOwjAQRO_iGlmbjb-U9JzBWnsNDiBbipMKcXcSKQVounlv5i0CrUsJa89zmFicxSBOv12k9Mx1B_ygem8ytbrMU5S7Ig_a5bVxfl0O9--gUC_bWoMyN3SJebCGwBtLGdlaA1sYPSrMo9PJkLZx9BGBAKIGZ42KNKL4fAG8dTal:1o9slm:RseycDOBRpY70Kb_Fcw7IymnXOzv8crZ0ty8b7a1rMU", "expire_date": "2022-07-22T18:32:02.471Z"}}, {"model": "sessions.session", "pk": "fxahex70lb7nlxm9ych85tm93hq6z0dy", "fields": {"session_data": "e30:1oQRN0:wUu5udlmMrmO6gMd0_jgyBqhCaDSSuu2rZ_PE8jj1wQ", "expire_date": "2022-09-06T10:42:54.273Z"}}, {"model": "sessions.session", "pk": "gnugrpjh2m3rdul2ga8ju12tmlwyk60c", "fields": {"session_data": ".eJxVjDsOwjAQRO_iGlmbjb-U9JzBWnsNDiBbipMKcXcSKQVounlv5i0CrUsJa89zmFicxSBOv12k9Mx1B_ygem8ytbrMU5S7Ig_a5bVxfl0O9--gUC_bWoMyN3SJebCGwBtLGdlaA1sYPSrMo9PJkLZx9BGBAKIGZ42KNKL4fAG8dTal:1o5pb4:Bbh68VMjLBIMLwyaR3qhX7IB2g00Lwt2Obe1gNpDQ4I", "expire_date": "2022-07-11T14:20:14.163Z"}}, {"model": "sessions.session", "pk": "ivzsc2h72jvsrysw6lybjmbeglbv2fla", "fields": {"session_data": ".eJxVjEEOwiAQRe_C2pDCFAou3XsGMgODVA0kpV0Z765NutDtf-_9lwi4rSVsnZcwJ3EWGsTpdySMD647SXestyZjq-syk9wVedAury3x83K4fwcFe_nW4JTN4ImQmbweYdQqofGsIkOmQSlSk7bOA1kgl9kMxA61mVwk4izeHwzxOJA:1oOkA0:s5KmTDg6jg7jl11SJ0M8JmXLTwflUxNrfXemcejrJH0", "expire_date": "2022-09-01T18:22:28.706Z"}}, {"model": "sessions.session", "pk": "iyios6n5bdsyxd1ggusbgq0iujq1hn97", "fields": {"session_data": "e30:1oQRQd:1hf8-TzpOWyL1AgUzpOPHfBPqO0DzWQU246NWycoIm4", "expire_date": "2022-09-06T10:46:39.832Z"}}, {"model": "sessions.session", "pk": "jnpb3i49dwjw1ffmebctdldnt1hgr4tl", "fields": {"session_data": "e30:1oEaYk:Tgr4-4ewStQZWavXRBuFIwU38RLwvPWmjJhU9DJp49Y", "expire_date": "2022-08-04T18:06:02.430Z"}}, {"model": "sessions.session", "pk": "kynzba98t54rg8r27lup64szy45p7xo2", "fields": {"session_data": ".eJxVjDsOwjAQRO_iGlmbjb-U9JzBWnsNDiBbipMKcXcSKQVounlv5i0CrUsJa89zmFicxSBOv12k9Mx1B_ygem8ytbrMU5S7Ig_a5bVxfl0O9--gUC_bWoMyN3SJebCGwBtLGdlaA1sYPSrMo9PJkLZx9BGBAKIGZ42KNKL4fAG8dTal:1oGOOC:Zdgg2R7tioz_m7jGR3MATJjrfS-nHy7DFj_rBDDbijs", "expire_date": "2022-08-09T17:30:36.635Z"}}, {"model": "sessions.session", "pk": "m3vfxe2mrxpfplbvn8kk9vx42ty1k4p6", "fields": {"session_data": "e30:1oNIQT:cXMN_W6OtEHUnF6Eh2dk5pLQnaskUnfpbOKBJC6ab4k", "expire_date": "2022-08-28T18:33:29.742Z"}}, {"model": "sessions.session", "pk": "m6eyp3jhyzz2zzw78ntmtklnjmnl2clz", "fields": {"session_data": "e30:1oKRH4:tnXq5UlEVF76ZAGMl-QTuIwY46u8D6ZWUnBf_rAI43w", "expire_date": "2022-08-20T21:23:58.998Z"}}, {"model": "sessions.session", "pk": "orjov7re2mlqss1vqpwzdaexuhad181b", "fields": {"session_data": ".eJxVjDsOwyAQRO9CHSHAfJaU6X0GtAs4OIlAMnYV5e6xJRdJM8W8N_NmAbe1hK3nJcyJXZlkl9-OMD5zPUB6YL03Hltdl5n4ofCTdj62lF-30_07KNjLvjYwUYyoBytNUuSjpugpKzl5BclmAkpmICecdgCAJMTg0QB5b_dQ7PMF-jU36w:1oMC6p:FdtMYdjTWXh2ozoSjW9rKORfP5cnfh5YiLoVUBb2cAo", "expire_date": "2022-08-25T17:36:39.317Z"}}, {"model": "sessions.session", "pk": "osl37pzjne22kqspc4g1und7e6ns2weh", "fields": {"session_data": "e30:1o6xhi:Jc-hqAzHKgXGzJc4fxznO8vIXb4h_SNbcNK_SW683Uw", "expire_date": "2022-07-14T17:11:46.507Z"}}, {"model": "sessions.session", "pk": "p4ywgb61bim7nh7s43mupuymxpcnbuw3", "fields": {"session_data": ".eJxVjMsOwiAQAP-FsyHyLh69-w3NLrtI1UBS2pPx3w1JD3qdmcxbzLBvZd47r_NC4iK0F6dfiJCeXIehB9R7k6nVbV1QjkQetstbI35dj_ZvUKCX8TUO0RpIOdCkyDmrbMJIzGh85uQJFSKA1y5GwHOKOk4hKMcWORsnPl8uTjj5:1oMDNM:L6xz9KblYiNdBHVnaHFAgjTWynhaGgil13wimWq4ll4", "expire_date": "2022-08-25T18:57:48.898Z"}}, {"model": "sessions.session", "pk": "r7pkozrdxx7vxm8xpgz81zzxlv7415g4", "fields": {"session_data": ".eJxVjDsOwyAQRO9CHSHAfJaU6X0GtAs4OIlAMnYV5e6xJRdJM8W8N_NmAbe1hK3nJcyJXZlkl9-OMD5zPUB6YL03Hltdl5n4ofCTdj62lF-30_07KNjLvjYwUYyoBytNUuSjpugpKzl5BclmAkpmICecdgCAJMTg0QB5b_dQ7PMF-jU36w:1oNWH5:gVcXU7r2jmRASEqLXTX8vFuphfErfck5GFitloBEw04", "expire_date": "2022-08-29T09:20:43.495Z"}}, {"model": "sessions.session", "pk": "rtevq1dstrgpxaiis98s9ohxondnyf7o", "fields": {"session_data": ".eJxVjDsOwjAQRO_iGlmbjb-U9JzBWnsNDiBbipMKcXcSKQVounlv5i0CrUsJa89zmFicxSBOv12k9Mx1B_ygem8ytbrMU5S7Ig_a5bVxfl0O9--gUC_bWoMyN3SJebCGwBtLGdlaA1sYPSrMo9PJkLZx9BGBAKIGZ42KNKL4fAG8dTal:1oHkCa:0TYle5iWsP5aJiSTpASzeov5yV7QvZykUbJGMwo5iwo", "expire_date": "2022-08-13T11:00:12.603Z"}}, {"model": "sessions.session", "pk": "s26nn379pbfgvc7amwf09mmzuqgxeiz8", "fields": {"session_data": ".eJxVjDsOwjAQRO_iGlmbjb-U9JzBWnsNDiBbipMKcXcSKQVounlv5i0CrUsJa89zmFicxSBOv12k9Mx1B_ygem8ytbrMU5S7Ig_a5bVxfl0O9--gUC_bWoMyN3SJebCGwBtLGdlaA1sYPSrMo9PJkLZx9BGBAKIGZ42KNKL4fAG8dTal:1nxUoE:7o4m6ZbAUgu10GbdO7uTzlHudFP7sCBYUQdmn76TXUQ", "expire_date": "2022-06-18T14:31:22.316Z"}}, {"model": "sessions.session", "pk": "s67xiv2h2mi5msijb8qhk62zj6rml3m1", "fields": {"session_data": ".eJxVjDsOwyAQRO9CHSHAfJaU6X0GtAs4OIlAMnYV5e6xJRdJM8W8N_NmAbe1hK3nJcyJXZlkl9-OMD5zPUB6YL03Hltdl5n4ofCTdj62lF-30_07KNjLvjYwUYyoBytNUuSjpugpKzl5BclmAkpmICecdgCAJMTg0QB5b_dQ7PMF-jU36w:1oPt2E:bLaae8CVOQY_kqgmBzyHWMREXYpD-KDzckMTZwWsXco", "expire_date": "2022-09-04T22:03:10.885Z"}}, {"model": "sessions.session", "pk": "tywbwewjl48smoi3ktkk8v5lbx53hlkv", "fields": {"session_data": "e30:1oEadA:XWYk8XXDyvNpgIzifQBbIpFQp2TDL-KiLNHkB_DSdg4", "expire_date": "2022-08-04T18:10:36.115Z"}}, {"model": "sessions.session", "pk": "uebowcls0l988n40w17l0y53crlzhxsf", "fields": {"session_data": ".eJxVjMsOwiAQAP-FsyHyLh69-w3NLrtI1UBS2pPx3w1JD3qdmcxbzLBvZd47r_NC4iK0F6dfiJCeXIehB9R7k6nVbV1QjkQetstbI35dj_ZvUKCX8TUO0RpIOdCkyDmrbMJIzGh85uQJFSKA1y5GwHOKOk4hKMcWORsnPl8uTjj5:1oOkAA:WsXbDdddriMkhP8Yq2clYWED2TZk3raHRQ6I_hwLfX8", "expire_date": "2022-09-01T18:22:38.989Z"}}, {"model": "sessions.session", "pk": "ujpojxj4t0fuo06c59p5kdzhl6uoul3m", "fields": {"session_data": ".eJxVjDsOwyAQRO9CHSHAfJaU6X0GtAs4OIlAMnYV5e6xJRdJM8W8N_NmAbe1hK3nJcyJXZlkl9-OMD5zPUB6YL03Hltdl5n4ofCTdj62lF-30_07KNjLvjYwUYyoBytNUuSjpugpKzl5BclmAkpmICecdgCAJMTg0QB5b_dQ7PMF-jU36w:1oQRQw:STdJe8jjN3SIG7IR87O3wBZbMBU-5EYWTRAoS-0FqI4", "expire_date": "2022-09-06T10:46:58.978Z"}}, {"model": "sessions.session", "pk": "vrqyuzphiwehuo3o287mdcgkugx4a8rp", "fields": {"session_data": "e30:1oP4Ad:_nqEBPD-8npm7cl3HL6CvOAGJjAjMzw23YoGsMo26Uc", "expire_date": "2022-09-02T15:44:27.801Z"}}, {"model": "sessions.session", "pk": "whpi3wo51bgggn17ofcnsni0sqrwwz0n", "fields": {"session_data": ".eJxVjDsOwjAQRO_iGlmbjb-U9JzBWnsNDiBbipMKcXcSKQVounlv5i0CrUsJa89zmFicxSBOv12k9Mx1B_ygem8ytbrMU5S7Ig_a5bVxfl0O9--gUC_bWoMyN3SJebCGwBtLGdlaA1sYPSrMo9PJkLZx9BGBAKIGZ42KNKL4fAG8dTal:1oK4ct:I5SjYLiC26iaD-aA6kwi66a9q8RMQvybVRSQHgbSW20", "expire_date": "2022-08-19T21:12:59.141Z"}}, {"model": "sessions.session", "pk": "wpcjif8bnczr50kddia4tlft6cf3kawd", "fields": {"session_data": ".eJxVjDsOwjAQRO_iGlmbjb-U9JzBWnsNDiBbipMKcXcSKQVounlv5i0CrUsJa89zmFicxSBOv12k9Mx1B_ygem8ytbrMU5S7Ig_a5bVxfl0O9--gUC_bWoMyN3SJebCGwBtLGdlaA1sYPSrMo9PJkLZx9BGBAKIGZ42KNKL4fAG8dTal:1oIcEy:ymCA7d6KAXnJtWmvja8rlkhgzjx9BUAgjPFV4c-XK3I", "expire_date": "2022-08-15T20:42:16.021Z"}}, {"model": "sessions.session", "pk": "x3t34eowj86ycoa14ixvvp6ag5qafi1g", "fields": {"session_data": ".eJxVjDsOwyAQRO9CHSHAfJaU6X0GtAs4OIlAMnYV5e6xJRdJM8W8N_NmAbe1hK3nJcyJXZlkl9-OMD5zPUB6YL03Hltdl5n4ofCTdj62lF-30_07KNjLvjYwUYyoBytNUuSjpugpKzl5BclmAkpmICecdgCAJMTg0QB5b_dQ7PMF-jU36w:1oOhSK:9LieEXYKLv0itcFc1hmx_mqZ0SgEYjX549BlnlZFbOw", "expire_date": "2022-09-01T15:29:12.641Z"}}, {"model": "sessions.session", "pk": "x7hooc0135q1riw5z22jdft6fiy24p7e", "fields": {"session_data": "e30:1oEadC:gKdhhRTL323FvOOyV1qM2b6Q3Vr0ioXTvRuYYP8vZHg", "expire_date": "2022-08-04T18:10:38.732Z"}}, {"model": "sessions.session", "pk": "zxctrel5bl9l9xybnr96qzratjiqlnu3", "fields": {"session_data": ".eJxVjDsOwjAQRO_iGlmbjb-U9JzBWnsNDiBbipMKcXcSKQVounlv5i0CrUsJa89zmFicxSBOv12k9Mx1B_ygem8ytbrMU5S7Ig_a5bVxfl0O9--gUC_bWoMyN3SJebCGwBtLGdlaA1sYPSrMo9PJkLZx9BGBAKIGZ42KNKL4fAG8dTal:1oL2mf:TfbAXz5zY95bHI2QDNtVeH2dr9Mz2wFMUbAibSjpe10", "expire_date": "2022-08-22T13:27:05.107Z"}}, {"model": "category.category", "pk": 9, "fields": {"category_name": "Clothes", "slug": "clothes", "description": "Clothes Category", "cat_image": "photos/categories/clothes.png"}}, {"model": "category.category", "pk": 10, "fields": {"category_name": "Jewelry", "slug": "jewelry", "description": "", "cat_image": "photos/categories/jewelry.jpg"}}, {"model": "category.category", "pk": 11, "fields": {"category_name": "Bags", "slug": "bags", "description": "", "cat_image": "photos/categories/bags.png"}}, {"model": "category.category", "pk": 12, "fields": {"category_name": "Glasses", "slug": "glasses", "description": "", "cat_image": "photos/categories/glasses.png"}}, {"model": "category.category", "pk": 13, "fields": {"category_name": "Cosmetics", "slug": "cosmetics", "description": "", "cat_image": "photos/categories/cosmetics.png"}}, {"model": "category.category", "pk": 15, "fields": {"category_name": "Footwear", "slug": "footwear", "description": "", "cat_image": "photos/categories/footwear.png"}}, {"model": "category.category", "pk": 16, "fields": {"category_name": "Electronics", "slug": "electronics", "description": "", "cat_image": "photos/categories/electronics.jpg"}}, {"model": "category.subcategory", "pk": 1, "fields": {"category": 9, "name": "T-Shirts", "slug": "t-shirts", "image": "", "suited_for": "any"}}, {"model": "category.subcategory", "pk": 2, "fields": {"category": 9, "name": "Shirts", "slug": "shirts", "image": "", "suited_for": "male"}}, {"model": "category.subcategory", "pk": 3, "fields": {"category": 9, "name": "Jackets", "slug": "jackets", "image": "", "suited_for": "any"}}, {"model": "category.subcategory", "pk": 4, "fields": {"category": 9, "name": "Jeans", "slug": "jeans", "image": "", "suited_for": "male"}}, {"model": "category.subcategory", "pk": 6, "fields": {"category": 9, "name": "Frocks", "slug": "frocks", "image": "", "suited_for": "female"}}, {"model": "category.subcategory", "pk": 7, "fields": {"category": 9, "name": "Kurtis", "slug": "kurtis", "image": "", "suited_for": "female"}}, {"model": "category.subcategory", "pk": 8, "fields": {"category": 11, "name": "Hand Bags", "slug": "hand-bags", "image": "", "suited_for": "female"}}, {"model": "category.subcategory", "pk": 10, "fields": {"category": 11, "name": "School Bags", "slug": "school-bags", "image": "", "suited_for": "any"}}, {"model": "category.subcategory", "pk": 11, "fields": {"category": 11, "name": "Travel Bags", "slug": "travel-bags", "image": "", "suited_for": "any"}}, {"model": "category.subcategory", "pk": 12, "fields": {"category": 13, "name": "Hare Care", "slug": "hare-care", "image": "", "suited_for": "any"}}, {"model": "category.subcategory", "pk": 13, "fields": {"category": 13, "name": "Skin Care", "slug": "skin-care", "image": "", "suited_for": "female"}}, {"model": "category.subcategory", "pk": 14, "fields": {"category": 13, "name": "Body Care", "slug": "body-care", "image": "", "suited_for": "any"}}, {"model": "category.subcategory", "pk": 15, "fields": {"category": 13, "name": "Perfumes", "slug": "perfumes", "image": "", "suited_for": "any"}}, {"model": "category.subcategory", "pk": 16, "fields": {"category": 15, "name": "Shoes", "slug": "shoes", "image": "", "suited_for": "any"}}, {"model": "category.subcategory", "pk": 17, "fields": {"category": 15, "name": "Sandals", "slug": "sandals", "image": "", "suited_for": "any"}}, {"model": "category.subcategory", "pk": 18, "fields": {"category": 15, "name": "Slipper", "slug": "slipper", "image": "", "suited_for": "any"}}, {"model": "category.subcategory", "pk": 19, "fields": {"category": 12, "name": "Full Frame", "slug": "full-frame", "image": "", "suited_for": "any"}}, {"model": "category.subcategory", "pk": 20, "fields": {"category": 12, "name": "Semi Rimless", "slug": "semi-rimless", "image": "", "suited_for": "any"}}, {"model": "category.subcategory", "pk": 21, "fields": {"category": 12, "name": "Rimless", "slug": "rimless", "image": "", "suited_for": "any"}}, {"model": "category.subcategory", "pk": 22, "fields": {"category": 12, "name": "Blue Light Cut", "slug": "blue-light-cut", "image": "", "suited_for": "any"}}, {"model": "category.subcategory", "pk": 23, "fields": {"category": 10, "name": "Earring", "slug": "earring", "image": "", "suited_for": "female"}}, {"model": "category.subcategory", "pk": 24, "fields": {"category": 10, "name": "Necklace", "slug": "necklace", "image": "", "suited_for": "female"}}, {"model": "category.subcategory", "pk": 25, "fields": {"category": 10, "name": "Ring", "slug": "ring", "image": "", "suited_for": "female"}}, {"model": "category.subcategory", "pk": 26, "fields": {"category": 11, "name": "Wallets", "slug": "wallets", "image": "", "suited_for": "female"}}, {"model": "category.subcategory", "pk": 27, "fields": {"category": 16, "name": "SmartWatches", "slug": "smartwatches", "image": "", "suited_for": "any"}}, {"model": "accounts.account", "pk": 1, "fields": {"password": "pbkdf2_sha256$390000$Ak1oPxhco3c7plJIkI1dAu$tHpqFEHFFwcDD+p6SodBl51/RHME9pOh7jH74eeANQU=", "first_name": "aadil", "last_name": "ansari", "username": "aadil611", "email": "ansariaadil611@gmail.com", "phone_number": "", "date_joined": "2022-06-03T09:44:35.617Z", "last_login": "2022-08-23T10:46:58.970Z", "is_admin": true, "is_staff": true, "is_active": true, "is_superadmin": true}}, {"model": "accounts.account", "pk": 14, "fields": {"password": "pbkdf2_sha256$320000$Tyht0txSDrMahX25dVm1Bj$qCSKYwGa68bDAAf0SNXb5ghDvYaqsiM85wQfoXgFaJc=", "first_name": "sansa", "last_name": "stark", "username": "sansa", "email": "sansa@gmail.com", "phone_number": "4565646546", "date_joined": "2022-07-16T14:19:14.215Z", "last_login": "2022-07-16T14:19:14.594Z", "is_admin": false, "is_staff": false, "is_active": false, "is_superadmin": false}}, {"model": "accounts.account", "pk": 23, "fields": {"password": "pbkdf2_sha256$390000$HgV1dEHKWNJ1EJS8TXnK4N$92+B38z50y9AfIMonOQENtUmlSxwhG4qjDYGZA0J+x8=", "first_name": "tech", "last_name": "pivot", "username": "techpivot786", "email": "techpivot786@gmail.com", "phone_number": "07487092669", "date_joined": "2022-07-17T17:54:56.551Z", "last_login": "2022-08-18T18:22:28.697Z", "is_admin": false, "is_staff": false, "is_active": true, "is_superadmin": false}}, {"model": "accounts.account", "pk": 26, "fields": {"password": "pbkdf2_sha256$390000$IDaU9uebij19zswTh2HCQs$cNor3EnRaQI/SkjF3RBjBJ0E2U+W1rRttWQHeDswWrk=", "first_name": "Govinda", "last_name": "Kumar", "username": "gk45464", "email": "gk45464@gmail.com", "phone_number": "+917781865348", "date_joined": "2022-08-11T18:05:06.597Z", "last_login": "2022-08-18T18:22:38.838Z", "is_admin": false, "is_staff": false, "is_active": true, "is_superadmin": false}}, {"model": "accounts.account", "pk": 28, "fields": {"password": "pbkdf2_sha256$390000$sDY2Zzrt8Za0ZJCnMbDmKf$XazxezTDe6Fur4QSujAD94w41AQ34e6V68RgJ4oIdWY=", "first_name": "joe", "last_name": "trib", "username": "tutorialsorigin611", "email": "tutorialsorigin611@gmail.com", "phone_number": "645645", "date_joined": "2022-08-15T09:40:04.837Z", "last_login": "2022-08-15T09:40:05.326Z", "is_admin": false, "is_staff": false, "is_active": false, "is_superadmin": false}}, {"model": "accounts.userprofile", "pk": 2, "fields": {"user": 23, "address": "kim chokdi,near bus stand", "profile_picture": "photos/userprofiles/user_profile_pic.jpg", "country": "india", "state": "gujrat", "city": "surat"}}, {"model": "accounts.userprofile", "pk": 3, "fields": {"user": 26, "address": "Tetariya Bhichharam", "profile_picture": "photos/userprofiles/userprofile.jpeg", "country": "India", "state": "Bihar", "city": "panchdewri"}}, {"model": "store.product", "pk": 1, "fields": {"name": "DevD Women's hand bag", "slug": "devd-womens-hand-bag", "description": "Lorem ipsum dolor sit amet, consectetur adipiscing elit, sed do eiusmod tempor \r\nincididunt ut labore et dolore magna aliqua. Ut enim ad minim veniam, quis \r\nnostrud exercitation ullamco laboris nisi ut aliquip ex ea commodo consequat.", "price": 299, "images": "photos/products/handbag1.jpg", "stock": 100, "is_available": false, "category": 11, "sub_category": 8, "created_date": "2022-06-06T12:45:24.402Z", "modified_date": "2022-06-06T12:45:24.402Z"}}, {"model": "store.product", "pk": 2, "fields": {"name": "Textured Tote Bag with Strap", "slug": "textured-tote-bag-with-strap", "description": "Lorem ipsum dolor sit amet, consectetur adipiscing elit, sed do eiusmod tempor \r\nincididunt ut labore et dolore magna aliqua. Ut enim ad minim veniam, quis \r\nnostrud exercitation ullamco laboris nisi ut aliquip ex ea commodo consequat.", "price": 499, "images": "photos/products/handbag2.jpg", "stock": 50, "is_available": true, "category": 11, "sub_category": 8, "created_date": "2022-06-06T12:47:32.174Z", "modified_date": "2022-06-06T12:56:53.701Z"}}, {"model": "store.product", "pk": 3, "fields": {"name": "Malgana Large Tote Handbag", "slug": "malgana-large-tote-handbag", "description": "Lorem ipsum dolor sit amet, consectetur adipiscing elit, sed do eiusmod tempor \r\nincididunt ut labore et dolore magna aliqua. Ut enim ad minim veniam, quis \r\nnostrud exercitation ullamco laboris nisi ut aliquip ex ea commodo consequat.", "price": 399, "images": "photos/products/handbag3.jpg", "stock": 200, "is_available": true, "category": 11, "sub_category": 8, "created_date": "2022-06-06T12:49:13.624Z", "modified_date": "2022-06-06T12:56:47.303Z"}}, {"model": "store.product", "pk": 4, "fields": {"name": "Quilted shoulder Bag", "slug": "quilted-shoulder-bag", "description": "Lorem ipsum dolor sit amet, consectetur adipiscing elit, sed do eiusmod tempor \r\nincididunt ut labore et dolore magna aliqua. Ut enim ad minim veniam, quis \r\nnostrud exercitation ullamco laboris nisi ut aliquip ex ea commodo consequat.", "price": 299, "images": "photos/products/handbag4.jpg", "stock": 699, "is_available": true, "category": 11, "sub_category": 8, "created_date": "2022-06-06T12:50:27.749Z", "modified_date": "2022-06-06T12:50:39.079Z"}}, {"model": "store.product", "pk": 5, "fields": {"name": "Genuine Leather Zip Sling Bag", "slug": "genuine-leather-zip-sling-bag", "description": "Lorem ipsum dolor sit amet, consectetur adipiscing elit, sed do eiusmod tempor \r\nincididunt ut labore et dolore magna aliqua. Ut enim ad minim veniam, quis \r\nnostrud exercitation ullamco laboris nisi ut aliquip ex ea commodo consequat.", "price": 497, "images": "photos/products/newbag.webp", "stock": 50, "is_available": true, "category": 11, "sub_category": 8, "created_date": "2022-06-06T12:54:23.762Z", "modified_date": "2022-06-06T12:54:23.762Z"}}, {"model": "store.product", "pk": 6, "fields": {"name": "Genuine Lether Tote Bag", "slug": "genuine-lether-tote-bag", "description": "Lorem ipsum dolor sit amet, consectetur adipiscing elit, sed do eiusmod tempor \r\nincididunt ut labore et dolore magna aliqua. Ut enim ad minim veniam, quis \r\nnostrud exercitation ullamco laboris nisi ut aliquip ex ea commodo consequat.", "price": 498, "images": "photos/products/newbag1.webp", "stock": 200, "is_available": true, "category": 11, "sub_category": 8, "created_date": "2022-06-06T12:55:45.861Z", "modified_date": "2022-06-06T12:55:45.861Z"}}, {"model": "store.product", "pk": 7, "fields": {"name": "Penelled Shoulder Bag", "slug": "penelled-shoulder-bag", "description": "Lorem ipsum dolor sit amet, consectetur adipiscing elit, sed do eiusmod tempor \r\nincididunt ut labore et dolore magna aliqua. Ut enim ad minim veniam, quis \r\nnostrud exercitation ullamco laboris nisi ut aliquip ex ea commodo consequat.", "price": 799, "images": "photos/products/newbag_mEiLY4G.webp", "stock": 300, "is_available": true, "category": 11, "sub_category": 11, "created_date": "2022-06-06T13:13:22.798Z", "modified_date": "2022-06-06T13:13:22.798Z"}}, {"model": "store.product", "pk": 8, "fields": {"name": "Blue Backpack with adjustable Strap", "slug": "blue-backpack-with-adjustable-strap", "description": "Lorem ipsum dolor sit amet, consectetur adipiscing elit, sed do eiusmod tempor \r\nincididunt ut labore et dolore magna aliqua. Ut enim ad minim veniam, quis \r\nnostrud exercitation ullamco laboris nisi ut aliquip ex ea commodo consequat.", "price": 499, "images": "photos/products/newbag_QBgKOBA.webp", "stock": 400, "is_available": true, "category": 11, "sub_category": 10, "created_date": "2022-06-06T13:14:49.254Z", "modified_date": "2022-06-06T13:14:49.254Z"}}, {"model": "store.product", "pk": 9, "fields": {"name": "Textured Leather Travel Wallet", "slug": "textured-leather-travel-wallet", "description": "lorem ipsum dolet temp dummy texts. lorem ipsum dolet temp dummy texts .", "price": 399, "images": "photos/products/newbag_ZYhGeAa.webp", "stock": 200, "is_available": true, "category": 11, "sub_category": 26, "created_date": "2022-06-06T14:44:24.152Z", "modified_date": "2022-06-06T14:44:24.152Z"}}, {"model": "store.product", "pk": 10, "fields": {"name": "Vegan Leather & Jute Decorative Wallet", "slug": "vegan-leather-jute-decorative-wallet", "description": "Lorem ipsum dolor sit amet, consectetur adipiscing elit, sed do eiusmod tempor \r\nincididunt ut labore et dolore magna aliqua. Ut enim ad minim veniam, quis \r\nnostrud exercitation ullamco laboris nisi ut aliquip ex ea commodo consequat.", "price": 799, "images": "photos/products/newbag_jQPUNrh.webp", "stock": 299, "is_available": true, "category": 11, "sub_category": 26, "created_date": "2022-06-06T14:46:31.664Z", "modified_date": "2022-08-11T18:02:42.212Z"}}, {"model": "store.product", "pk": 11, "fields": {"name": "Color Block Flap-Over Travel Wallet", "slug": "color-block-flap-over-travel-wallet", "description": "Lorem ipsum dolor sit amet, consectetur adipiscing elit, sed do eiusmod tempor \r\nincididunt ut labore et dolore magna aliqua. Ut enim ad minim veniam, quis \r\nnostrud exercitation ullamco laboris nisi ut aliquip ex ea commodo consequat.", "price": 697, "images": "photos/products/newbag_NwQhD8c.webp", "stock": 400, "is_available": true, "category": 11, "sub_category": 26, "created_date": "2022-06-06T14:47:35.736Z", "modified_date": "2022-06-06T14:47:35.736Z"}}, {"model": "store.product", "pk": 12, "fields": {"name": "Kimmy Croc-Embossed Travel Wallet", "slug": "kimmy-croc-embossed-travel-wallet", "description": "Lorem ipsum dolor sit amet, consectetur adipiscing elit, sed do eiusmod tempor \r\nincididunt ut labore et dolore magna aliqua. Ut enim ad minim veniam, quis \r\nnostrud exercitation ullamco laboris nisi ut aliquip ex ea commodo consequat.", "price": 1499, "images": "photos/products/newbag_Q4PTbCK.webp", "stock": 500, "is_available": true, "category": 11, "sub_category": 26, "created_date": "2022-06-06T14:48:33.017Z", "modified_date": "2022-06-06T14:48:33.017Z"}}, {"model": "store.product", "pk": 13, "fields": {"name": "Flora Print Anarkali Kurti", "slug": "flora-print-anarkali-kurti", "description": "Lorem ipsum dolor sit amet, consectetur adipiscing elit, sed do eiusmod tempor \r\nincididunt ut labore et dolore magna aliqua. Ut enim ad minim veniam, quis \r\nnostrud exercitation ullamco laboris nisi ut aliquip ex ea commodo consequat.", "price": 650, "images": "photos/products/kurti.webp", "stock": 497, "is_available": true, "category": 9, "sub_category": 7, "created_date": "2022-06-06T14:51:46.622Z", "modified_date": "2022-08-11T18:48:25.047Z"}}, {"model": "store.product", "pk": 14, "fields": {"name": "Floral Embroidered Layered Kurti", "slug": "floral-embroidered-layered-kurti", "description": "Lorem ipsum dolor sit amet, consectetur adipiscing elit, sed do eiusmod tempor \r\nincididunt ut labore et dolore magna aliqua. Ut enim ad minim veniam, quis \r\nnostrud exercitation ullamco laboris nisi ut aliquip ex ea commodo consequat.", "price": 596, "images": "photos/products/kurti_CBY7E1y.webp", "stock": 498, "is_available": true, "category": 9, "sub_category": 7, "created_date": "2022-06-06T14:53:09.881Z", "modified_date": "2022-08-11T18:48:25.074Z"}}, {"model": "store.product", "pk": 15, "fields": {"name": "Floral Print Straight Kurti", "slug": "floral-print-straight-kurti", "description": "Lorem ipsum dolor sit amet, consectetur adipiscing elit, sed do eiusmod tempor \r\nincididunt ut labore et dolore magna aliqua. Ut enim ad minim veniam, quis \r\nnostrud exercitation ullamco laboris nisi ut aliquip ex ea commodo consequat.", "price": 999, "images": "photos/products/kurti_Xoa27d4.webp", "stock": 600, "is_available": true, "category": 9, "sub_category": 7, "created_date": "2022-06-06T14:54:00.324Z", "modified_date": "2022-06-06T14:54:00.324Z"}}, {"model": "store.product", "pk": 16, "fields": {"name": "Indian Straight Fit kurti", "slug": "indian-straight-fit-kurti", "description": "Lorem ipsum dolor sit amet, consectetur adipiscing elit, sed do eiusmod tempor \r\nincididunt ut labore et dolore magna aliqua. Ut enim ad minim veniam, quis \r\nnostrud exercitation ullamco laboris nisi ut aliquip ex ea commodo consequat.", "price": 797, "images": "photos/products/kurti_c8j7s9o.webp", "stock": 500, "is_available": true, "category": 9, "sub_category": 7, "created_date": "2022-06-06T14:55:07.948Z", "modified_date": "2022-06-06T14:55:07.948Z"}}, {"model": "store.product", "pk": 17, "fields": {"name": "Embroidered round neck kurti", "slug": "embroidered-round-neck-kurti", "description": "Lorem ipsum dolor sit amet, consectetur adipiscing elit, sed do eiusmod tempor \r\nincididunt ut labore et dolore magna aliqua. Ut enim ad minim veniam, quis \r\nnostrud exercitation ullamco laboris nisi ut aliquip ex ea commodo consequat.", "price": 897, "images": "photos/products/kurti_HgBoHej.webp", "stock": 689, "is_available": true, "category": 9, "sub_category": 7, "created_date": "2022-06-06T14:56:16.759Z", "modified_date": "2022-06-06T14:56:16.759Z"}}, {"model": "store.product", "pk": 18, "fields": {"name": "Embroidered Straight kurti", "slug": "embroidered-straight-kurti", "description": "Lorem ipsum dolor sit amet, consectetur adipiscing elit, sed do eiusmod tempor \r\nincididunt ut labore et dolore magna aliqua. Ut enim ad minim veniam, quis \r\nnostrud exercitation ullamco laboris nisi ut aliquip ex ea commodo consequat.", "price": 696, "images": "photos/products/kurti_aILtinc.webp", "stock": 499, "is_available": true, "category": 9, "sub_category": 7, "created_date": "2022-06-06T14:57:19.251Z", "modified_date": "2022-07-30T10:19:53.463Z"}}, {"model": "store.product", "pk": 19, "fields": {"name": "Full Sleeve Slim Fit Shirt", "slug": "full-sleeve-slim-fit-shirt", "description": "Lorem ipsum dolor sit amet, consectetur adipiscing elit, sed do eiusmod tempor \r\nincididunt ut labore et dolore magna aliqua. Ut enim ad minim veniam, quis \r\nnostrud exercitation ullamco laboris nisi ut aliquip ex ea commodo consequat.", "price": 599, "images": "photos/products/shirt.webp", "stock": 499, "is_available": true, "category": 9, "sub_category": 2, "created_date": "2022-06-06T15:01:38.152Z", "modified_date": "2022-06-06T15:01:38.152Z"}}, {"model": "store.product", "pk": 20, "fields": {"name": "Full Sleeve Classic Shirt", "slug": "full-sleeve-classic-shirt", "description": "Lorem ipsum dolor sit amet, consectetur adipiscing elit, sed do eiusmod tempor \r\nincididunt ut labore et dolore magna aliqua. Ut enim ad minim veniam, quis \r\nnostrud exercitation ullamco laboris nisi ut aliquip ex ea commodo consequat.", "price": 797, "images": "photos/products/shirt_xmGxe8e.webp", "stock": 500, "is_available": true, "category": 9, "sub_category": 2, "created_date": "2022-06-06T15:02:35.493Z", "modified_date": "2022-06-06T15:02:35.493Z"}}, {"model": "store.product", "pk": 21, "fields": {"name": "Slim Fit shirt with Flap Pocket", "slug": "slim-fit-shirt-with-flap-pocket", "description": "Lorem ipsum dolor sit amet, consectetur adipiscing elit, sed do eiusmod tempor \r\nincididunt ut labore et dolore magna aliqua. Ut enim ad minim veniam, quis \r\nnostrud exercitation ullamco laboris nisi ut aliquip ex ea commodo consequat.", "price": 598, "images": "photos/products/shirt_4n6skXX.webp", "stock": 299, "is_available": true, "category": 9, "sub_category": 2, "created_date": "2022-06-06T15:03:47.249Z", "modified_date": "2022-07-30T10:19:53.522Z"}}, {"model": "store.product", "pk": 22, "fields": {"name": "Colourblock Crew Tshirt", "slug": "colourblock-crew-tshirt", "description": "Lorem ipsum dolor sit amet, consectetur adipiscing elit, sed do eiusmod tempor \r\nincididunt ut labore et dolore magna aliqua. Ut enim ad minim veniam, quis \r\nnostrud exercitation ullamco laboris nisi ut aliquip ex ea commodo consequat.", "price": 499, "images": "photos/products/tshirt.webp", "stock": 396, "is_available": true, "category": 9, "sub_category": 1, "created_date": "2022-06-06T15:05:06.514Z", "modified_date": "2022-07-30T10:19:53.492Z"}}, {"model": "store.product", "pk": 23, "fields": {"name": "Tie & Dye Crew-Neck T-shirt", "slug": "tie-dye-crew-neck-t-shirt", "description": "Lorem ipsum dolor sit amet, consectetur adipiscing elit, sed do eiusmod tempor \r\nincididunt ut labore et dolore magna aliqua. Ut enim ad minim veniam, quis \r\nnostrud exercitation ullamco laboris nisi ut aliquip ex ea commodo consequat.", "price": 597, "images": "photos/products/tshirt_ibZrFHa.webp", "stock": 467, "is_available": true, "category": 9, "sub_category": 1, "created_date": "2022-06-06T15:06:04.721Z", "modified_date": "2022-06-06T15:06:04.721Z"}}, {"model": "store.product", "pk": 24, "fields": {"name": "Crew Neck Short Sleeves T-shirt", "slug": "crew-neck-short-sleeves-t-shirt", "description": "Lorem ipsum dolor sit amet, consectetur adipiscing elit, sed do eiusmod tempor \r\nincididunt ut labore et dolore magna aliqua. Ut enim ad minim veniam, quis \r\nnostrud exercitation ullamco laboris nisi ut aliquip ex ea commodo consequat.", "price": 488, "images": "photos/products/tshirt_xavdZ78.webp", "stock": 399, "is_available": true, "category": 9, "sub_category": 1, "created_date": "2022-06-06T15:07:22.406Z", "modified_date": "2022-07-30T10:19:53.551Z"}}, {"model": "store.product", "pk": 25, "fields": {"name": "Polka-dot Fit and Flare Dress", "slug": "polka-dot-fit-and-flare-dress", "description": "Lorem ipsum dolor sit amet consectetur adipisicing elit. Maxime mollitia,\r\nmolestiae quas vel sint commodi repudiandae consequuntur voluptatum laborum\r\nnumquam blanditiis harum quisquam eius sed odit fugiat iusto fuga praesentium\r\noptio, eaque rerum! Provident similique accusantium nemo autem", "price": 700, "images": "photos/products/frock.webp", "stock": 400, "is_available": true, "category": 9, "sub_category": 6, "created_date": "2022-06-27T17:21:01.219Z", "modified_date": "2022-06-27T17:21:01.219Z"}}, {"model": "store.product", "pk": 26, "fields": {"name": "Indian Fit and Flare Frock", "slug": "indian-fit-and-flare-frock", "description": "", "price": 440, "images": "photos/products/frock_ri1a188.webp", "stock": 498, "is_available": true, "category": 9, "sub_category": 6, "created_date": "2022-06-27T17:22:02.335Z", "modified_date": "2022-07-30T10:19:53.580Z"}}, {"model": "store.product", "pk": 27, "fields": {"name": "Embellished Sleeveless Frock", "slug": "embellished-sleeveless-frock", "description": "Lorem ipsum dolor sit amet consectetur adipisicing elit. Maxime mollitia,\r\nmolestiae quas vel sint commodi repudiandae consequuntur voluptatum laborum\r\nnumquam blanditiis harum quisquam eius sed odit fugiat iusto fuga praesentium\r\noptio, eaque rerum! Provident similique accusantium nemo autem", "price": 1499, "images": "photos/products/frock_0qpQsxY.webp", "stock": 499, "is_available": true, "category": 9, "sub_category": 6, "created_date": "2022-06-27T17:23:32.957Z", "modified_date": "2022-07-29T17:42:34.490Z"}}, {"model": "store.product", "pk": 28, "fields": {"name": "Floral Fit and Flare frock", "slug": "floral-fit-and-flare-frock", "description": "Lorem ipsum dolor sit amet consectetur adipisicing elit. Maxime mollitia,\r\nmolestiae quas vel sint commodi repudiandae consequuntur voluptatum laborum\r\nnumquam blanditiis harum quisquam eius sed odit fugiat iusto fuga praesentium\r\noptio, eaque rerum! Provident similique accusantium nemo autem", "price": 749, "images": "photos/products/frock_34gTzVL.webp", "stock": 400, "is_available": true, "category": 9, "sub_category": 6, "created_date": "2022-06-27T17:24:34.383Z", "modified_date": "2022-06-27T17:24:34.383Z"}}, {"model": "store.product", "pk": 29, "fields": {"name": "Printed Fit and Flare Frock", "slug": "printed-fit-and-flare-frock", "description": "Lorem ipsum dolor sit amet consectetur adipisicing elit. Maxime mollitia,\r\nmolestiae quas vel sint commodi repudiandae consequuntur voluptatum laborum\r\nnumquam blanditiis harum quisquam eius sed odit fugiat iusto fuga praesentium\r\noptio, eaque rerum! Provident similique accusantium nemo autem", "price": 999, "images": "photos/products/frock_MvSKXDo.webp", "stock": 567, "is_available": true, "category": 9, "sub_category": 6, "created_date": "2022-06-27T17:26:11.874Z", "modified_date": "2022-06-27T17:26:11.874Z"}}, {"model": "store.product", "pk": 30, "fields": {"name": "Embellished Fit Frock", "slug": "embellished-fit-frock", "description": "Lorem ipsum dolor sit amet consectetur adipisicing elit. Maxime mollitia,\r\nmolestiae quas vel sint commodi repudiandae consequuntur voluptatum laborum\r\nnumquam blanditiis harum quisquam eius sed odit fugiat iusto fuga praesentium\r\noptio, eaque rerum! Provident similique accusantium nemo autem", "price": 799, "images": "photos/products/frock_Ry9jdfR.webp", "stock": 400, "is_available": true, "category": 9, "sub_category": 6, "created_date": "2022-06-27T17:28:11.184Z", "modified_date": "2022-06-27T17:28:11.185Z"}}, {"model": "store.product", "pk": 31, "fields": {"name": "Embellished Fit and Flare Dress", "slug": "embellished-fit-and-flare-dress", "description": "Lorem ipsum dolor sit amet consectetur adipisicing elit. Maxime mollitia,\r\nmolestiae quas vel sint commodi repudiandae consequuntur voluptatum laborum\r\nnumquam blanditiis harum quisquam eius sed odit fugiat iusto fuga praesentium\r\noptio, eaque rerum! Provident similique accusantium nemo autem", "price": 890, "images": "photos/products/frock_uEcPyZo.webp", "stock": 597, "is_available": true, "category": 9, "sub_category": 6, "created_date": "2022-06-27T17:29:24.781Z", "modified_date": "2022-06-27T17:29:24.781Z"}}, {"model": "store.product", "pk": 32, "fields": {"name": "Graphic Print Frock", "slug": "graphic-print-frock", "description": "Lorem ipsum dolor sit amet consectetur adipisicing elit. Maxime mollitia,\r\nmolestiae quas vel sint commodi repudiandae consequuntur voluptatum laborum\r\nnumquam blanditiis harum quisquam eius sed odit fugiat iusto fuga praesentium\r\noptio, eaque rerum! Provident similique accusantium nemo autem", "price": 1499, "images": "photos/products/frock_8MYfUvY.webp", "stock": 600, "is_available": true, "category": 9, "sub_category": 6, "created_date": "2022-06-27T17:30:10.330Z", "modified_date": "2022-06-27T17:30:10.330Z"}}, {"model": "store.product", "pk": 33, "fields": {"name": "Striped Round Neck T-shirt", "slug": "striped-round-neck-t-shirt", "description": "Lorem ipsum dolor sit amet consectetur adipisicing elit. Maxime mollitia,\r\nmolestiae quas vel sint commodi repudiandae consequuntur voluptatum laborum\r\nnumquam blanditiis harum quisquam eius sed odit fugiat iusto fuga praesentium\r\noptio, eaque rerum! Provident similique accusantium nemo autem", "price": 599, "images": "photos/products/t.webp", "stock": 487, "is_available": true, "category": 9, "sub_category": 1, "created_date": "2022-06-27T17:32:18.638Z", "modified_date": "2022-08-15T12:22:21.347Z"}}, {"model": "store.product", "pk": 34, "fields": {"name": "Colorblock Crew-Neck T-shirt", "slug": "colorblock-crew-neck-t-shirt", "description": "Lorem ipsum dolor sit amet consectetur adipisicing elit. Maxime mollitia,\r\nmolestiae quas vel sint commodi repudiandae consequuntur voluptatum laborum\r\nnumquam blanditiis harum quisquam eius sed odit fugiat iusto fuga praesentium\r\noptio, eaque rerum! Provident similique accusantium nemo autem", "price": 897, "images": "photos/products/t_nnNbfZU.webp", "stock": 496, "is_available": true, "category": 9, "sub_category": 1, "created_date": "2022-06-27T17:33:14.416Z", "modified_date": "2022-06-27T17:33:14.416Z"}}, {"model": "store.product", "pk": 35, "fields": {"name": "Plain Half T-shirt", "slug": "plain-half-t-shirt", "description": "Lorem ipsum dolor sit amet consectetur adipisicing elit. Maxime mollitia,\r\nmolestiae quas vel sint commodi repudiandae consequuntur voluptatum laborum\r\nnumquam blanditiis harum quisquam eius sed odit fugiat iusto fuga praesentium\r\noptio, eaque rerum! Provident similique accusantium nemo autem", "price": 799, "images": "photos/products/t_eTrv1ol.webp", "stock": 599, "is_available": true, "category": 9, "sub_category": 1, "created_date": "2022-06-27T17:34:16.911Z", "modified_date": "2022-06-27T17:34:16.911Z"}}, {"model": "store.product", "pk": 36, "fields": {"name": "Slim Fit dark T-shirt", "slug": "slim-fit-dark-t-shirt", "description": "Lorem ipsum dolor sit amet consectetur adipisicing elit. Maxime mollitia,\r\nmolestiae quas vel sint commodi repudiandae consequuntur voluptatum laborum\r\nnumquam blanditiis harum quisquam eius sed odit fugiat iusto fuga praesentium\r\noptio, eaque rerum! Provident similique accusantium nemo autem", "price": 999, "images": "photos/products/t_kNDUQqs.webp", "stock": 564, "is_available": true, "category": 9, "sub_category": 1, "created_date": "2022-06-27T17:35:22.616Z", "modified_date": "2022-06-27T17:35:22.616Z"}}, {"model": "store.product", "pk": 37, "fields": {"name": "Textured T-shirt with Mandarin Collar", "slug": "textured-t-shirt-with-mandarin-collar", "description": "Lorem ipsum dolor sit amet consectetur adipisicing elit. Maxime mollitia,\r\nmolestiae quas vel sint commodi repudiandae consequuntur voluptatum laborum\r\nnumquam blanditiis harum quisquam eius sed odit fugiat iusto fuga praesentium\r\noptio, eaque rerum! Provident similique accusantium nemo autem", "price": 898, "images": "photos/products/t_Voq2ul6.webp", "stock": 567, "is_available": true, "category": 9, "sub_category": 1, "created_date": "2022-06-27T17:37:08.994Z", "modified_date": "2022-06-27T17:37:08.994Z"}}, {"model": "store.product", "pk": 38, "fields": {"name": "Striped Round Neck plain T-shirt", "slug": "striped-round-neck-plain-t-shirt", "description": "Lorem ipsum dolor sit amet consectetur adipisicing elit. Maxime mollitia,\r\nmolestiae quas vel sint commodi repudiandae consequuntur voluptatum laborum\r\nnumquam blanditiis harum quisquam eius sed odit fugiat iusto fuga praesentium\r\noptio, eaque rerum! Provident similique accusantium nemo autem", "price": 678, "images": "photos/products/ta.webp", "stock": 455, "is_available": true, "category": 9, "sub_category": 1, "created_date": "2022-06-27T17:40:43.503Z", "modified_date": "2022-07-28T18:02:18.342Z"}}, {"model": "store.product", "pk": 39, "fields": {"name": "Fastdry Heathered Crew-neck t-shirt", "slug": "fastdry-heathered-crew-neck-t-shirt", "description": "Lorem ipsum dolor sit amet consectetur adipisicing elit. Maxime mollitia,\r\nmolestiae quas vel sint commodi repudiandae consequuntur voluptatum laborum\r\nnumquam blanditiis harum quisquam eius sed odit fugiat iusto fuga praesentium\r\noptio, eaque rerum! Provident similique accusantium nemo autem", "price": 789, "images": "photos/products/t_P2awdJs.webp", "stock": 678, "is_available": true, "category": 9, "sub_category": 1, "created_date": "2022-06-27T17:41:21.931Z", "modified_date": "2022-06-27T17:41:21.931Z"}}, {"model": "store.product", "pk": 40, "fields": {"name": "Logo print fast dry t-shirt", "slug": "logo-print-fast-dry-t-shirt", "description": "Lorem ipsum dolor sit amet consectetur adipisicing elit. Maxime mollitia,\r\nmolestiae quas vel sint commodi repudiandae consequuntur voluptatum laborum\r\nnumquam blanditiis harum quisquam eius sed odit fugiat iusto fuga praesentium\r\noptio, eaque rerum! Provident similique accusantium nemo autem", "price": 789, "images": "photos/products/t_TSRkzrd.webp", "stock": 789, "is_available": true, "category": 9, "sub_category": 1, "created_date": "2022-06-27T17:42:05.634Z", "modified_date": "2022-06-27T17:42:05.634Z"}}, {"model": "store.product", "pk": 41, "fields": {"name": "Typographic Print tshirt", "slug": "typographic-print-tshirt", "description": "Lorem ipsum dolor sit amet consectetur adipisicing elit. Maxime mollitia,\r\nmolestiae quas vel sint commodi repudiandae consequuntur voluptatum laborum\r\nnumquam blanditiis harum quisquam eius sed odit fugiat iusto fuga praesentium\r\noptio, eaque rerum! Provident similique accusantium nemo autem", "price": 899, "images": "photos/products/t_2nFiGeE.webp", "stock": 897, "is_available": true, "category": 9, "sub_category": 1, "created_date": "2022-06-27T17:44:26.651Z", "modified_date": "2022-06-27T17:44:26.651Z"}}, {"model": "store.product", "pk": 42, "fields": {"name": "Solid coffee polo T-shirt", "slug": "solid-coffee-polo-t-shirt", "description": "Lorem ipsum dolor sit amet consectetur adipisicing elit. Maxime mollitia,\r\nmolestiae quas vel sint commodi repudiandae consequuntur voluptatum laborum\r\nnumquam blanditiis harum quisquam eius sed odit fugiat iusto fuga praesentium\r\noptio, eaque rerum! Provident similique accusantium nemo autem", "price": 789, "images": "photos/products/t_LSgyNFU.webp", "stock": 678, "is_available": true, "category": 9, "sub_category": 1, "created_date": "2022-06-27T17:45:14.430Z", "modified_date": "2022-06-27T17:45:14.430Z"}}, {"model": "store.product", "pk": 43, "fields": {"name": "High Neck Slim-fit T-shirt", "slug": "high-neck-slim-fit-t-shirt", "description": "Lorem ipsum dolor sit amet consectetur adipisicing elit. Maxime mollitia,\r\nmolestiae quas vel sint commodi repudiandae consequuntur voluptatum laborum\r\nnumquam blanditiis harum quisquam eius sed odit fugiat iusto fuga praesentium\r\noptio, eaque rerum! Provident similique accusantium nemo autem", "price": 789, "images": "photos/products/t_78VNL3v.webp", "stock": 452, "is_available": true, "category": 9, "sub_category": 1, "created_date": "2022-06-27T17:45:58.416Z", "modified_date": "2022-07-28T18:08:37.928Z"}}, {"model": "store.product", "pk": 44, "fields": {"name": "Printed Crew-Neck T-shirt", "slug": "printed-crew-neck-t-shirt", "description": "Lorem ipsum dolor sit amet consectetur adipisicing elit. Maxime mollitia,\r\nmolestiae quas vel sint commodi repudiandae consequuntur voluptatum laborum\r\nnumquam blanditiis harum quisquam eius sed odit fugiat iusto fuga praesentium\r\noptio, eaque rerum! Provident similique accusantium nemo autem", "price": 897, "images": "photos/products/t_WanoQLV.webp", "stock": 345, "is_available": true, "category": 9, "sub_category": 1, "created_date": "2022-06-27T17:47:21.762Z", "modified_date": "2022-06-27T17:47:21.762Z"}}, {"model": "store.product", "pk": 45, "fields": {"name": "Slim Fit with Spread Collar", "slug": "slim-fit-with-spread-collar", "description": "Lorem ipsum dolor sit amet consectetur adipisicing elit. Maxime mollitia,\r\nmolestiae quas vel sint commodi repudiandae consequuntur voluptatum laborum\r\nnumquam blanditiis harum quisquam eius sed odit fugiat iusto fuga praesentium\r\noptio, eaque rerum! Provident similique accusantium nemo autem", "price": 567, "images": "photos/products/t_CmFWlXv.webp", "stock": 454, "is_available": true, "category": 9, "sub_category": 2, "created_date": "2022-06-27T17:51:02.058Z", "modified_date": "2022-08-01T20:58:38.383Z"}}, {"model": "store.product", "pk": 46, "fields": {"name": "Slim Fit Shirt with Pocket", "slug": "slim-fit-shirt-with-pocket", "description": "Lorem ipsum dolor sit amet consectetur adipisicing elit. Maxime mollitia,\r\nmolestiae quas vel sint commodi repudiandae consequuntur voluptatum laborum\r\nnumquam blanditiis harum quisquam eius sed odit fugiat iusto fuga praesentium\r\noptio, eaque rerum! Provident similique accusantium nemo autem", "price": 678, "images": "photos/products/t_4GIs9wK.webp", "stock": 567, "is_available": true, "category": 9, "sub_category": 2, "created_date": "2022-06-27T17:51:53.323Z", "modified_date": "2022-06-27T17:51:53.323Z"}}, {"model": "store.product", "pk": 47, "fields": {"name": "Gold Plated Laxmi Choker Necklace", "slug": "gold-plated-laxmi-choker-necklace", "description": "Lorem ipsum dolor sit amet consectetur adipisicing elit. Maxime mollitia,\r\nmolestiae quas vel sint commodi repudiandae consequuntur voluptatum laborum\r\nnumquam blanditiis harum quisquam eius sed odit fugiat iusto fuga praesentium\r\noptio, eaque rerum! Provident similique accusantium nemo autem", "price": 789, "images": "photos/products/t_hjPgXY5.webp", "stock": 679, "is_available": true, "category": 10, "sub_category": 24, "created_date": "2022-06-27T17:54:17.474Z", "modified_date": "2022-06-27T17:54:17.474Z"}}, {"model": "store.product", "pk": 48, "fields": {"name": "Floral design necklace with earring", "slug": "floral-design-necklace-with-earring", "description": "Lorem ipsum dolor sit amet consectetur adipisicing elit. Maxime mollitia,\r\nmolestiae quas vel sint commodi repudiandae consequuntur voluptatum laborum\r\nnumquam blanditiis harum quisquam eius sed odit fugiat iusto fuga praesentium\r\noptio, eaque rerum! Provident similique accusantium nemo autem", "price": 568, "images": "photos/products/t_aO16oow.webp", "stock": 678, "is_available": true, "category": 10, "sub_category": 24, "created_date": "2022-06-27T17:55:32.835Z", "modified_date": "2022-06-27T17:55:32.835Z"}}, {"model": "store.product", "pk": 49, "fields": {"name": "set of 6 Assorted Earrings", "slug": "set-of-6-assorted-earrings", "description": "Lorem ipsum dolor sit amet consectetur adipisicing elit. Maxime mollitia,\r\nmolestiae quas vel sint commodi repudiandae consequuntur voluptatum laborum\r\nnumquam blanditiis harum quisquam eius sed odit fugiat iusto fuga praesentium\r\noptio, eaque rerum! Provident similique accusantium nemo autem", "price": 600, "images": "photos/products/t_76YMPvQ.webp", "stock": 455, "is_available": true, "category": 10, "sub_category": 23, "created_date": "2022-06-27T17:56:38.507Z", "modified_date": "2022-08-11T17:57:22.201Z"}}, {"model": "store.product", "pk": 50, "fields": {"name": "Stone sudden Finger ring", "slug": "stone-sudden-finger-ring", "description": "Lorem ipsum dolor sit amet consectetur adipisicing elit. Maxime mollitia,\r\nmolestiae quas vel sint commodi repudiandae consequuntur voluptatum laborum\r\nnumquam blanditiis harum quisquam eius sed odit fugiat iusto fuga praesentium\r\noptio, eaque rerum! Provident similique accusantium nemo autem", "price": 500, "images": "photos/products/t_ubglq6p.webp", "stock": 677, "is_available": true, "category": 10, "sub_category": 25, "created_date": "2022-06-27T17:58:18.174Z", "modified_date": "2022-07-30T10:13:51.605Z"}}, {"model": "store.product", "pk": 51, "fields": {"name": "Stone sudden band ring", "slug": "stone-sudden-band-ring", "description": "Lorem ipsum dolor sit amet consectetur adipisicing elit. Maxime mollitia,\r\nmolestiae quas vel sint commodi repudiandae consequuntur voluptatum laborum\r\nnumquam blanditiis harum quisquam eius sed odit fugiat iusto fuga praesentium\r\noptio, eaque rerum! Provident similique accusantium nemo autem", "price": 567, "images": "photos/products/t_2wnkX0b.webp", "stock": 4567, "is_available": true, "category": 10, "sub_category": 25, "created_date": "2022-06-27T17:59:04.593Z", "modified_date": "2022-06-27T17:59:04.593Z"}}, {"model": "store.product", "pk": 52, "fields": {"name": "adjustable studded Heart ring", "slug": "adjustable-studded-heart-ring", "description": "Lorem ipsum dolor sit amet consectetur adipisicing elit. Maxime mollitia,\r\nmolestiae quas vel sint commodi repudiandae consequuntur voluptatum laborum\r\nnumquam blanditiis harum quisquam eius sed odit fugiat iusto fuga praesentium\r\noptio, eaque rerum! Provident similique accusantium nemo autem", "price": 645, "images": "photos/products/t.jpg", "stock": 345, "is_available": true, "category": 10, "sub_category": 25, "created_date": "2022-06-27T18:00:08.728Z", "modified_date": "2022-06-27T18:00:08.728Z"}}, {"model": "store.product", "pk": 53, "fields": {"name": "Sterling Solver platinum crystal ring", "slug": "sterling-solver-platinum-crystal-ring", "description": "Lorem ipsum dolor sit amet consectetur adipisicing elit. Maxime mollitia,\r\nmolestiae quas vel sint commodi repudiandae consequuntur voluptatum laborum\r\nnumquam blanditiis harum quisquam eius sed odit fugiat iusto fuga praesentium\r\noptio, eaque rerum! Provident similique accusantium nemo autem", "price": 345, "images": "photos/products/t_xsx3EE3.webp", "stock": 452, "is_available": true, "category": 10, "sub_category": 25, "created_date": "2022-06-27T18:01:01.789Z", "modified_date": "2022-08-15T12:27:06.438Z"}}, {"model": "store.product", "pk": 54, "fields": {"name": "Dangler Earring with beds", "slug": "dangler-earring-with-beds", "description": "Lorem ipsum dolor sit amet consectetur adipisicing elit. Maxime mollitia,\r\nmolestiae quas vel sint commodi repudiandae consequuntur voluptatum laborum\r\nnumquam blanditiis harum quisquam eius sed odit fugiat iusto fuga praesentium\r\noptio, eaque rerum! Provident similique accusantium nemo autem", "price": 567, "images": "photos/products/t_rguVyf6.webp", "stock": 343, "is_available": true, "category": 10, "sub_category": 23, "created_date": "2022-06-27T18:03:05.030Z", "modified_date": "2022-07-30T10:10:52.554Z"}}, {"model": "store.product", "pk": 55, "fields": {"name": "Noise colorFit Icon Buzz smart Watch", "slug": "noise-colorfit-icon-buzz-smart-watch", "description": "Lorem ipsum dolor sit amet consectetur adipisicing elit. Maxime mollitia,\r\nmolestiae quas vel sint commodi repudiandae consequuntur voluptatum laborum\r\nnumquam blanditiis harum quisquam eius sed odit fugiat iusto fuga praesentium\r\noptio, eaque rerum! Provident similique accusantium nemo autem", "price": 7897, "images": "photos/products/t_G3FBbBh.webp", "stock": 1, "is_available": true, "category": 16, "sub_category": 27, "created_date": "2022-06-27T18:08:37.750Z", "modified_date": "2022-08-23T11:52:12.393Z"}}, {"model": "store.product", "pk": 56, "fields": {"name": "Fire-Bolt Bluetooth Calling smart watch", "slug": "fire-bolt-bluetooth-calling-smart-watch", "description": "Lorem ipsum dolor sit amet consectetur adipisicing elit. Maxime mollitia,\r\nmolestiae quas vel sint commodi repudiandae consequuntur voluptatum laborum\r\nnumquam blanditiis harum quisquam eius sed odit fugiat iusto fuga praesentium\r\noptio, eaque rerum! Provident similique accusantium nemo autem", "price": 4999, "images": "photos/products/t_raqKvEI.webp", "stock": 0, "is_available": true, "category": 16, "sub_category": 27, "created_date": "2022-06-27T18:09:34.190Z", "modified_date": "2022-08-23T11:56:34.575Z"}}, {"model": "store.product", "pk": 57, "fields": {"name": "Amazfit GTS 2 Mini Smartwatch", "slug": "amazfit-gts-2-mini-smartwatch", "description": "Lorem ipsum dolor sit amet consectetur adipisicing elit. Maxime mollitia,\r\nmolestiae quas vel sint commodi repudiandae consequuntur voluptatum laborum\r\nnumquam blanditiis harum quisquam eius sed odit fugiat iusto fuga praesentium\r\noptio, eaque rerum! Provident similique accusantium nemo autem", "price": 7999, "images": "photos/products/t_WVJVb3B.webp", "stock": 400, "is_available": true, "category": 16, "sub_category": 27, "created_date": "2022-06-27T18:10:45.850Z", "modified_date": "2022-06-27T18:10:45.850Z"}}, {"model": "store.product", "pk": 58, "fields": {"name": "Duke Men printed Thong Flip-Flop", "slug": "duke-men-printed-thong-flip-flop", "description": "Lorem ipsum dolor sit amet consectetur adipisicing elit. Maxime mollitia,\r\nmolestiae quas vel sint commodi repudiandae consequuntur voluptatum laborum\r\nnumquam blanditiis harum quisquam eius sed odit fugiat iusto fuga praesentium\r\noptio, eaque rerum! Provident similique accusantium nemo autem", "price": 599, "images": "photos/products/t_t99sYS0.webp", "stock": 696, "is_available": true, "category": 15, "sub_category": 18, "created_date": "2022-06-27T18:12:02.673Z", "modified_date": "2022-08-11T17:13:58.767Z"}}, {"model": "store.product", "pk": 59, "fields": {"name": "ALDO Men sneaker", "slug": "aldo-men-sneaker", "description": "Lorem ipsum dolor sit amet consectetur adipisicing elit. Maxime mollitia,\r\nmolestiae quas vel sint commodi repudiandae consequuntur voluptatum laborum\r\nnumquam blanditiis harum quisquam eius sed odit fugiat iusto fuga praesentium\r\noptio, eaque rerum! Provident similique accusantium nemo autem", "price": 7999, "images": "photos/products/t_Hbb6UhR.webp", "stock": 599, "is_available": true, "category": 15, "sub_category": 16, "created_date": "2022-06-27T18:12:54.529Z", "modified_date": "2022-06-27T18:12:54.529Z"}}, {"model": "store.product", "pk": 60, "fields": {"name": "Lightly Washed Skinny Fit Jeans", "slug": "lightly-washed-skinny-fit-jeans", "description": "Men's comfortable jeans with 5 pockets,belt loop,zip fly with button closure", "price": 799, "images": "photos/products/jeans.webp", "stock": 500, "is_available": true, "category": 9, "sub_category": 4, "created_date": "2022-08-10T11:22:52.384Z", "modified_date": "2022-08-10T11:22:52.384Z"}}, {"model": "store.product", "pk": 61, "fields": {"name": "Lightly washed skinny jeans", "slug": "lightly-washed-skinny-jeans", "description": "5-pocket styling\r\nZip fly with button closure\r\nBelt loops\r\nMachine wash cold\r\nMid Rise\r\nCotton Blend", "price": 1199, "images": "photos/products/jeans_q0CcJXw.webp", "stock": 600, "is_available": true, "category": 9, "sub_category": 4, "created_date": "2022-08-10T11:27:21.138Z", "modified_date": "2022-08-10T11:27:21.138Z"}}, {"model": "store.variation", "pk": 1, "fields": {"product": 43, "variation_category": "color", "variation_value": "Red", "is_active": true, "created_date": "2022-07-08T18:36:21.869Z"}}, {"model": "store.variation", "pk": 2, "fields": {"product": 43, "variation_category": "color", "variation_value": "Black", "is_active": true, "created_date": "2022-07-08T18:36:54.399Z"}}, {"model": "store.variation", "pk": 3, "fields": {"product": 43, "variation_category": "size", "variation_value": "Small", "is_active": true, "created_date": "2022-07-08T18:37:13.085Z"}}, {"model": "store.variation", "pk": 4, "fields": {"product": 43, "variation_category": "size", "variation_value": "Medium", "is_active": true, "created_date": "2022-07-08T18:37:28.892Z"}}, {"model": "store.variation", "pk": 5, "fields": {"product": 43, "variation_category": "size", "variation_value": "Large", "is_active": true, "created_date": "2022-07-08T18:37:43.719Z"}}, {"model": "store.variation", "pk": 6, "fields": {"product": 43, "variation_category": "color", "variation_value": "Pink", "is_active": true, "created_date": "2022-07-08T18:38:29.596Z"}}, {"model": "store.reviewrating", "pk": 2, "fields": {"product": 57, "user": 23, "subject": "nice", "review": "really very nice product. Love it", "rating": 4.5, "ip": "127.0.0.1", "status": true, "created_at": "2022-08-01T20:46:47.310Z", "updated_at": "2022-08-01T20:46:47.310Z"}}, {"model": "store.reviewrating", "pk": 3, "fields": {"product": 45, "user": 23, "subject": "Love this shirt.", "review": "This shirt is very confirtable to wear. it's been one of my favourite shirt since i have purchased it.", "rating": 3.5, "ip": "127.0.0.1", "status": true, "created_at": "2022-08-01T21:00:24.239Z", "updated_at": "2022-08-01T22:15:11.471Z"}}, {"model": "store.reviewrating", "pk": 4, "fields": {"product": 53, "user": 23, "subject": "awesome product. must buy if you love ring.", "review": "I really love this ring in this price range. really beautiful and fancy.", "rating": 3.0, "ip": "127.0.0.1", "status": true, "created_at": "2022-08-01T21:27:59.696Z", "updated_at": "2022-08-02T22:00:49.155Z"}}, {"model": "store.reviewrating", "pk": 5, "fields": {"product": 43, "user": 23, "subject": "lovely product.", "review": "I love this product. very good looking and confortable", "rating": 5.0, "ip": "127.0.0.1", "status": true, "created_at": "2022-08-08T21:00:53.086Z", "updated_at": "2022-08-08T21:00:53.086Z"}}, {"model": "store.reviewrating", "pk": 6, "fields": {"product": 38, "user": 23, "subject": "nice and comfortable", "review": "best T-shirt in this price range. gonna order more of these.", "rating": 4.5, "ip": "127.0.0.1", "status": true, "created_at": "2022-08-08T21:02:31.482Z", "updated_at": "2022-08-08T21:02:31.482Z"}}, {"model": "store.reviewrating", "pk": 7, "fields": {"product": 13, "user": 23, "subject": "worth every penny. you won't regret buying it.", "review": "if you are planning to buy. just go for it without thinking anymore", "rating": 4.5, "ip": "127.0.0.1", "status": true, "created_at": "2022-08-08T21:09:06.625Z", "updated_at": "2022-08-11T17:10:37.380Z"}}, {"model": "store.reviewrating", "pk": 8, "fields": {"product": 14, "user": 23, "subject": "really loving this beautiful piece", "review": "must have if you really love fashionable clothes.", "rating": 4.5, "ip": "127.0.0.1", "status": true, "created_at": "2022-08-08T21:10:17.749Z", "updated_at": "2022-08-08T21:10:17.749Z"}}, {"model": "store.reviewrating", "pk": 9, "fields": {"product": 22, "user": 23, "subject": "nice and comfortable", "review": "this product is worth every penny. just go for it", "rating": 4.5, "ip": "127.0.0.1", "status": true, "created_at": "2022-08-10T19:11:44.210Z", "updated_at": "2022-08-10T19:11:44.210Z"}}, {"model": "store.reviewrating", "pk": 10, "fields": {"product": 24, "user": 23, "subject": "nice color and product quality", "review": "this product is really very nice quality", "rating": 5.0, "ip": "127.0.0.1", "status": true, "created_at": "2022-08-10T19:13:13.937Z", "updated_at": "2022-08-10T19:13:13.937Z"}}, {"model": "store.reviewrating", "pk": 11, "fields": {"product": 50, "user": 23, "subject": "one of the best product out there in the market.", "review": "You should must buy this product if want a ring", "rating": 4.5, "ip": "127.0.0.1", "status": true, "created_at": "2022-08-11T17:52:05.900Z", "updated_at": "2022-08-11T17:52:05.900Z"}}, {"model": "store.reviewrating", "pk": 12, "fields": {"product": 13, "user": 26, "subject": "must have product.", "review": "go for it blindly. believe me you won't regret purchaseing it.", "rating": 5.0, "ip": "127.0.0.1", "status": true, "created_at": "2022-08-11T19:13:13.190Z", "updated_at": "2022-08-11T19:13:13.191Z"}}, {"model": "store.productgallery", "pk": 1, "fields": {"product": 42, "image": "store/products/user.jpeg"}}, {"model": "store.productgallery", "pk": 2, "fields": {"product": 23, "image": "store/products/tgal.webp"}}, {"model": "store.productgallery", "pk": 3, "fields": {"product": 23, "image": "store/products/tgal1.jpg"}}, {"model": "store.productgallery", "pk": 6, "fields": {"product": 23, "image": "store/products/tgal2.webp"}}, {"model": "store.productgallery", "pk": 7, "fields": {"product": 23, "image": "store/products/tgal3.webp"}}, {"model": "store.productgallery", "pk": 8, "fields": {"product": 60, "image": "store/products/jgal.webp"}}, {"model": "store.productgallery", "pk": 9, "fields": {"product": 60, "image": "store/products/jgal1.webp"}}, {"model": "store.productgallery", "pk": 10, "fields": {"product": 60, "image": "store/products/jgal2.jpg"}}, {"model": "store.productgallery", "pk": 11, "fields": {"product": 61, "image": "store/products/jgal_Vlq8AK7.webp"}}, {"model": "store.productgallery", "pk": 12, "fields": {"product": 61, "image": "store/products/jgal1.jpg"}}, {"model": "store.productgallery", "pk": 13, "fields": {"product": 61, "image": "store/products/jgal2.webp"}}, {"model": "store.stocknotification", "pk": 61, "fields": {"user": 23, "product": 55, "is_sent": true, "created_at": "2022-08-23T11:45:14.196Z"}}, {"model": "store.stocknotification", "pk": 62, "fields": {"user": 23, "product": 56, "is_sent": true, "created_at": "2022-08-23T11:46:26.245Z"}}, {"model": "store.stocknotification", "pk": 63, "fields": {"user": 23, "product": 56, "is_sent": true, "created_at": "2022-08-23T11:47:17.492Z"}}, {"model": "store.stocknotification", "pk": 64, "fields": {"user": 23, "product": 56, "is_sent": true, "created_at": "2022-08-23T11:50:42.905Z"}}, {"model": "store.stocknotification", "pk": 65, "fields": {"user": 23, "product": 55, "is_sent": true, "created_at": "2022-08-23T11:51:24.236Z"}}, {"model": "carts.cart", "pk": 108, "fields": {"cart_id": "24daujvuft9izpv51qv27by6qfbbrv36", "date_added": "2022-07-23"}}, {"model": "carts.cart", "pk": 109, "fields": {"cart_id": "uv3zf072yj7rfg1w3oqpwwd4szmizt32", "date_added": "2022-07-23"}}, {"model": "carts.cart", "pk": 110, "fields": {"cart_id": "k5eoliwfmhg6kzkw4kfn5qx724ixdm8t", "date_added": "2022-07-23"}}, {"model": "carts.cart", "pk": 111, "fields": {"cart_id": "98txzc14lglb05gsexfm1y8hbzeac3q9", "date_added": "2022-07-23"}}, {"model": "carts.cart", "pk": 112, "fields": {"cart_id": "wjusqogsdcwp24ykngpar63azpo52vvv", "date_added": "2022-07-23"}}, {"model": "carts.cart", "pk": 113, "fields": {"cart_id": "edtdd2i1f10d9c08ayqalop5v7fzr2rg", "date_added": "2022-07-24"}}, {"model": "carts.cart", "pk": 114, "fields": {"cart_id": "sjms45jpwmfvgyl0m0zfctzlw2txhr7m", "date_added": "2022-07-24"}}, {"model": "carts.cart", "pk": 115, "fields": {"cart_id": "xd1xbaffrrahkaeahbo3b0xaggc1er6u", "date_added": "2022-07-24"}}, {"model": "carts.cart", "pk": 116, "fields": {"cart_id": "ire43roxnxoeaz4hmq9m03f4uvfxe9v5", "date_added": "2022-07-24"}}, {"model": "carts.cart", "pk": 117, "fields": {"cart_id": "3h5reenbckdlicbq2p5uqa0mlf8k5917", "date_added": "2022-07-24"}}, {"model": "carts.cart", "pk": 118, "fields": {"cart_id": "3a9s5r88q6th2kuohxpzzf73evydo8wo", "date_added": "2022-07-24"}}, {"model": "carts.cart", "pk": 119, "fields": {"cart_id": "ev8fihe1l9i7lx5krulrxcehcth9th1t", "date_added": "2022-07-24"}}, {"model": "carts.cart", "pk": 120, "fields": {"cart_id": "bfrfxb4evvjoqmzmw1qq535zr95nhgl7", "date_added": "2022-07-24"}}, {"model": "carts.cart", "pk": 121, "fields": {"cart_id": "81c07elfemzpl9g687rt7m6vl8k47eb1", "date_added": "2022-07-24"}}, {"model": "carts.cart", "pk": 122, "fields": {"cart_id": "qymutc19bxf1sctj46a0rwr1ecd8k6x4", "date_added": "2022-07-24"}}, {"model": "carts.cart", "pk": 123, "fields": {"cart_id": "rwgmhdz72pp2fa0g17k4bhib8rddk770", "date_added": "2022-07-24"}}, {"model": "carts.cart", "pk": 124, "fields": {"cart_id": "e0ypd54c1g2bozsy1ggyl1n62rispgup", "date_added": "2022-07-24"}}, {"model": "carts.cart", "pk": 125, "fields": {"cart_id": "jdtf2ql92ejkbk9ylw0vraainlelmplq", "date_added": "2022-07-24"}}, {"model": "carts.cart", "pk": 126, "fields": {"cart_id": "7ba8zzb5xt8aicvnx5yam2cp90p6sora", "date_added": "2022-07-24"}}, {"model": "carts.cart", "pk": 127, "fields": {"cart_id": "alutxnhu5ujedue5okp0oh4228zw1dbk", "date_added": "2022-07-24"}}, {"model": "carts.cart", "pk": 128, "fields": {"cart_id": "f1vnvsil9a4irr5on55ng4xw8ndmlni2", "date_added": "2022-07-24"}}, {"model": "carts.cart", "pk": 129, "fields": {"cart_id": "pvhmrskpmyd2r8dqztucy82m9gyixndu", "date_added": "2022-07-24"}}, {"model": "carts.cart", "pk": 130, "fields": {"cart_id": "4qy0r3am7o9n7fcso6b5xur300ywe1qs", "date_added": "2022-07-24"}}, {"model": "carts.cart", "pk": 131, "fields": {"cart_id": "jpnxwg82l2zd72qp47chrnv0r0dn1ar3", "date_added": "2022-07-24"}}, {"model": "carts.cart", "pk": 132, "fields": {"cart_id": "is19c34w152b0yaud1vr8j0ao9uml64m", "date_added": "2022-07-24"}}, {"model": "carts.cart", "pk": 133, "fields": {"cart_id": "f9yqbnvmijoziitiyn6v1knamqbl68ab", "date_added": "2022-07-24"}}, {"model": "carts.cart", "pk": 134, "fields": {"cart_id": "8qzbzyueyzmwohgzibz6cd4aaaaehzhv", "date_added": "2022-07-24"}}, {"model": "carts.cart", "pk": 135, "fields": {"cart_id": "nlt8tyo8tpnd1vkawej0g6wp1w66myxm", "date_added": "2022-07-24"}}, {"model": "carts.cart", "pk": 136, "fields": {"cart_id": "f2w7s8el0pvvdbq07egik4mi60efx4xi", "date_added": "2022-07-24"}}, {"model": "carts.cart", "pk": 137, "fields": {"cart_id": "h7hjbhsyjypuafoitzngoh8d0g5kwi5j", "date_added": "2022-07-24"}}, {"model": "carts.cart", "pk": 138, "fields": {"cart_id": "m9ee5hjtg2u7194fwa29bktfr05vgioe", "date_added": "2022-07-24"}}, {"model": "carts.cart", "pk": 139, "fields": {"cart_id": "twqid5497r9cvkqrjvno27etk1218sn8", "date_added": "2022-07-24"}}, {"model": "carts.cart", "pk": 140, "fields": {"cart_id": "w8tnaxkkndvf1qm4a0cwyo4ss6u1iovr", "date_added": "2022-07-24"}}, {"model": "carts.cart", "pk": 141, "fields": {"cart_id": "mrs73bejac6togs5f9eg2h4s0jfylbtz", "date_added": "2022-07-24"}}, {"model": "carts.cart", "pk": 142, "fields": {"cart_id": "wyr9zcqcwyhwm1aolq5u72y3xtyrv5qk", "date_added": "2022-07-24"}}, {"model": "carts.cart", "pk": 143, "fields": {"cart_id": "cj24pj6i4z9fsg26o9yz85wvtvn8p1ev", "date_added": "2022-07-24"}}, {"model": "carts.cart", "pk": 144, "fields": {"cart_id": "r3l8qagsqi3yrz2x9d9htmjcbmea6u5k", "date_added": "2022-07-24"}}, {"model": "carts.cart", "pk": 145, "fields": {"cart_id": "2ui972m554ceeamr2t8xk5polu18pn5k", "date_added": "2022-07-24"}}, {"model": "carts.cart", "pk": 146, "fields": {"cart_id": "0u17avqdt7w4m6vvw6mjsd0dxok0yhff", "date_added": "2022-07-24"}}, {"model": "carts.cart", "pk": 147, "fields": {"cart_id": "z84mf2vs49ma9t6izk7vb3lz9jmn70yy", "date_added": "2022-07-24"}}, {"model": "carts.cart", "pk": 148, "fields": {"cart_id": "w3bncvg2vew7r1a337y5gjgx7476xx4b", "date_added": "2022-07-24"}}, {"model": "carts.cart", "pk": 149, "fields": {"cart_id": "i7xabworljtahdhwxuptverp94pa2dpg", "date_added": "2022-07-24"}}, {"model": "carts.cart", "pk": 150, "fields": {"cart_id": "5u7zysgq2z632sbqshx1sr9ppwd648nk", "date_added": "2022-07-25"}}, {"model": "carts.cart", "pk": 151, "fields": {"cart_id": "da838evmv7un53sqnmx8evps7kiaz1x6", "date_added": "2022-07-25"}}, {"model": "carts.cart", "pk": 152, "fields": {"cart_id": "rwjce4lqil0ulgjodiavr3y4dlodzvtu", "date_added": "2022-07-26"}}, {"model": "carts.cart", "pk": 153, "fields": {"cart_id": "kynzba98t54rg8r27lup64szy45p7xo2", "date_added": "2022-07-26"}}, {"model": "carts.cart", "pk": 154, "fields": {"cart_id": "b6xsbrrfssrq25pvp2zuq5drleb2pcwx", "date_added": "2022-07-28"}}, {"model": "carts.cart", "pk": 155, "fields": {"cart_id": "1q5t31bv7ag6ylojby1uq0gkvl4s88fw", "date_added": "2022-07-28"}}, {"model": "carts.cart", "pk": 156, "fields": {"cart_id": "9cafybbqxggs51ufjb03821nm83hd8l1", "date_added": "2022-07-28"}}, {"model": "carts.cart", "pk": 157, "fields": {"cart_id": "gyebfthp9izovhdjzdwl0n699cf46lfi", "date_added": "2022-07-28"}}, {"model": "carts.cart", "pk": 158, "fields": {"cart_id": "s62kfc1neer3ekwtmnrefywk14kmafx2", "date_added": "2022-07-29"}}, {"model": "carts.cart", "pk": 159, "fields": {"cart_id": "e1hvus2y44swo97zs23q4m1q2vf373q5", "date_added": "2022-07-29"}}, {"model": "carts.cart", "pk": 160, "fields": {"cart_id": "9sbykqxxujaz0jc10cupx3ivbncm314i", "date_added": "2022-07-29"}}, {"model": "carts.cart", "pk": 161, "fields": {"cart_id": "ca0xm89r48b67c03cf2obcli0632o5ve", "date_added": "2022-07-29"}}, {"model": "carts.cart", "pk": 162, "fields": {"cart_id": "unyaubzckj6p04why66zr8tlierhemvs", "date_added": "2022-07-30"}}, {"model": "carts.cart", "pk": 163, "fields": {"cart_id": "rtevq1dstrgpxaiis98s9ohxondnyf7o", "date_added": "2022-07-30"}}, {"model": "carts.cart", "pk": 164, "fields": {"cart_id": "a9n0exnui8ni3wyl25w1feiuwpcr1dfn", "date_added": "2022-08-01"}}, {"model": "carts.cart", "pk": 165, "fields": {"cart_id": "wpcjif8bnczr50kddia4tlft6cf3kawd", "date_added": "2022-08-01"}}, {"model": "carts.cart", "pk": 166, "fields": {"cart_id": "2yz26zgjpdyw3jti535scj1p2npt34cg", "date_added": "2022-08-01"}}, {"model": "carts.cart", "pk": 167, "fields": {"cart_id": "lvrv2y1qfnbjgnf8ye7764krag8kq1of", "date_added": "2022-08-01"}}, {"model": "carts.cart", "pk": 168, "fields": {"cart_id": "s6x0zoqju8306qk9u2unvckq0vslnd0a", "date_added": "2022-08-01"}}, {"model": "carts.cart", "pk": 169, "fields": {"cart_id": "1arkbpjzs6g5z90fzjcb5mw33wbnut6y", "date_added": "2022-08-01"}}, {"model": "carts.cart", "pk": 170, "fields": {"cart_id": "xor00ugxg3w3qboa85h50jxrfge5knby", "date_added": "2022-08-03"}}, {"model": "carts.cart", "pk": 171, "fields": {"cart_id": "augcvsqewwg9u3meosnzohrffoiziggk", "date_added": "2022-08-03"}}, {"model": "carts.cart", "pk": 172, "fields": {"cart_id": "8w498y0cmanxodj5wpw1n8kxdpr4d3qs", "date_added": "2022-08-03"}}, {"model": "carts.cart", "pk": 173, "fields": {"cart_id": "qdp7r02vdhz7swni7b1p9kvpmby0lg0r", "date_added": "2022-08-03"}}, {"model": "carts.cart", "pk": 174, "fields": {"cart_id": "crrizjul813fi6o4g2xwap7tyitwt15w", "date_added": "2022-08-05"}}, {"model": "carts.cart", "pk": 175, "fields": {"cart_id": "whpi3wo51bgggn17ofcnsni0sqrwwz0n", "date_added": "2022-08-05"}}, {"model": "carts.cart", "pk": 176, "fields": {"cart_id": "dwre4md34xpak1fjp7p5m9uzu6u005wg", "date_added": "2022-08-06"}}, {"model": "carts.cart", "pk": 177, "fields": {"cart_id": "5jdke1rnj7d84e1ea0q5uih8fu1chjf8", "date_added": "2022-08-06"}}, {"model": "carts.cart", "pk": 178, "fields": {"cart_id": "kt79j0osntwjhgkkxicuwyscy3tmpuhe", "date_added": "2022-08-06"}}, {"model": "carts.cart", "pk": 179, "fields": {"cart_id": "mjr04ti8tfke4hwqfce5e7mufmtmz5dx", "date_added": "2022-08-06"}}, {"model": "carts.cart", "pk": 180, "fields": {"cart_id": "acl3euplrvyqew4i1ipqz40lwbxq1sdl", "date_added": "2022-08-06"}}, {"model": "carts.cart", "pk": 181, "fields": {"cart_id": "31d3czuwffo0c4l4fe37z01wvrl2u7q7", "date_added": "2022-08-06"}}, {"model": "carts.cart", "pk": 182, "fields": {"cart_id": "kakz7lxfymz5lxtascpt7oaq2n712czt", "date_added": "2022-08-06"}}, {"model": "carts.cart", "pk": 183, "fields": {"cart_id": "g6uguekvmz1bfc7wuaoab8zmaw64keu8", "date_added": "2022-08-06"}}, {"model": "carts.cart", "pk": 184, "fields": {"cart_id": "3fn236dizycmbft71tg4qmfk9arruwl4", "date_added": "2022-08-06"}}, {"model": "carts.cart", "pk": 185, "fields": {"cart_id": "1w1tvizciy1cnpx66x36ho0fl7utmni3", "date_added": "2022-08-06"}}, {"model": "carts.cart", "pk": 186, "fields": {"cart_id": "cv4aw463hfm35b78p1i82eeevve6vdbh", "date_added": "2022-08-06"}}, {"model": "carts.cart", "pk": 187, "fields": {"cart_id": "m2xgzjm22115sapn1yx7164763ssmaxz", "date_added": "2022-08-06"}}, {"model": "carts.cart", "pk": 188, "fields": {"cart_id": "1wwqs8bquu3wgfuhzoxnqab2o0w79cgr", "date_added": "2022-08-08"}}, {"model": "carts.cart", "pk": 189, "fields": {"cart_id": "5skevnww2u11a8b55j2t98mauodbp333", "date_added": "2022-08-08"}}, {"model": "carts.cart", "pk": 190, "fields": {"cart_id": "edfnwfziqm4utfjml8y2owh68kiemjrw", "date_added": "2022-08-08"}}, {"model": "carts.cart", "pk": 191, "fields": {"cart_id": "acsh1o4nmh42qgwbf00m5spb9rau7v5b", "date_added": "2022-08-08"}}, {"model": "carts.cart", "pk": 192, "fields": {"cart_id": "iw2ru1s97h2sp9y9db9rgac6brtjrf45", "date_added": "2022-08-08"}}, {"model": "carts.cart", "pk": 193, "fields": {"cart_id": "zxctrel5bl9l9xybnr96qzratjiqlnu3", "date_added": "2022-08-08"}}, {"model": "carts.cart", "pk": 194, "fields": {"cart_id": "hmgatzt2blwouuw9jv7ckbyigi01r3xy", "date_added": "2022-08-09"}}, {"model": "carts.cart", "pk": 195, "fields": {"cart_id": "c0ugdd68iuj85h5c1vruuo27pn6q78g4", "date_added": "2022-08-09"}}, {"model": "carts.cart", "pk": 196, "fields": {"cart_id": "fi6sp1wb6843bkoelh4vpjvhxfocls3i", "date_added": "2022-08-10"}}, {"model": "carts.cart", "pk": 197, "fields": {"cart_id": "75fxbyaadwazl7a9c25rnxkltge7jduv", "date_added": "2022-08-10"}}, {"model": "carts.cart", "pk": 198, "fields": {"cart_id": "iokp4dtu27lkhpf2uu9daxbh4d7l7w1u", "date_added": "2022-08-11"}}, {"model": "carts.cart", "pk": 199, "fields": {"cart_id": "tlecdu8ael4melq7hhmbaq0u57qdldk7", "date_added": "2022-08-11"}}, {"model": "carts.cart", "pk": 200, "fields": {"cart_id": "orjov7re2mlqss1vqpwzdaexuhad181b", "date_added": "2022-08-11"}}, {"model": "carts.cart", "pk": 201, "fields": {"cart_id": "rsdw3szv02gp20sh25n2ghwesa34krgv", "date_added": "2022-08-11"}}, {"model": "carts.cart", "pk": 202, "fields": {"cart_id": "ayjnd4aov66xtx0xgv5u81su087vcj39", "date_added": "2022-08-11"}}, {"model": "carts.cart", "pk": 203, "fields": {"cart_id": "szpr0lp2n1t5eat2ox6zlxyxruk9ms3k", "date_added": "2022-08-11"}}, {"model": "carts.cart", "pk": 204, "fields": {"cart_id": "dkcwhdr7xnmhrly76eb48qnrzoox95oj", "date_added": "2022-08-11"}}, {"model": "carts.cart", "pk": 205, "fields": {"cart_id": "4kxijimg4ivt0umol7d32z0kacc78hqz", "date_added": "2022-08-11"}}, {"model": "carts.cart", "pk": 206, "fields": {"cart_id": "y67p2r5hhfom4kwhfjrppid75syg6wv5", "date_added": "2022-08-11"}}, {"model": "carts.cart", "pk": 207, "fields": {"cart_id": "p4ywgb61bim7nh7s43mupuymxpcnbuw3", "date_added": "2022-08-11"}}, {"model": "carts.cart", "pk": 208, "fields": {"cart_id": "zmq2fvrttp7uyl9w9nkki4e4ok3j359n", "date_added": "2022-08-14"}}, {"model": "carts.cart", "pk": 209, "fields": {"cart_id": "5vdjgc5nx15kqmhqiei526n4gx7jdape", "date_added": "2022-08-14"}}, {"model": "carts.cart", "pk": 210, "fields": {"cart_id": "18h2gni1yfnik2728vtravkow9glq8n9", "date_added": "2022-08-14"}}, {"model": "carts.cart", "pk": 211, "fields": {"cart_id": "bm7gr122p5pvw2rdirwf56x29n3r80ck", "date_added": "2022-08-14"}}, {"model": "carts.cart", "pk": 212, "fields": {"cart_id": "f09mpfb9dd9vu7ccceeenodummlp9g3a", "date_added": "2022-08-14"}}, {"model": "carts.cart", "pk": 213, "fields": {"cart_id": "u5jnek2yp9nc017ouxcrryscxrb0kwrv", "date_added": "2022-08-15"}}, {"model": "carts.cart", "pk": 214, "fields": {"cart_id": "r7pkozrdxx7vxm8xpgz81zzxlv7415g4", "date_added": "2022-08-15"}}, {"model": "carts.cart", "pk": 215, "fields": {"cart_id": "owfk2jlhqheu7b4ri6yzmsvevibc35wk", "date_added": "2022-08-15"}}, {"model": "carts.cart", "pk": 216, "fields": {"cart_id": "6kdu15u829lqxkks41mxxfo5cvp6uuov", "date_added": "2022-08-16"}}, {"model": "carts.cart", "pk": 217, "fields": {"cart_id": "f6f6kgeb7kambf6l8b7jkrrfzllvciek", "date_added": "2022-08-16"}}, {"model": "carts.cart", "pk": 218, "fields": {"cart_id": "137xqmzrjt2c0svwfwaqmjlxit5lmmj3", "date_added": "2022-08-17"}}, {"model": "carts.cart", "pk": 219, "fields": {"cart_id": "93t4a277cp54tf9ttrd20vgr4e7an6xo", "date_added": "2022-08-17"}}, {"model": "carts.cart", "pk": 220, "fields": {"cart_id": "4hsy8hetcqqu3hhvebzov6pdwi5o667c", "date_added": "2022-08-17"}}, {"model": "carts.cart", "pk": 221, "fields": {"cart_id": "g70bkcf3pk5w0dc5vma7rc6ubs3vezf4", "date_added": "2022-08-18"}}, {"model": "carts.cart", "pk": 222, "fields": {"cart_id": "x3t34eowj86ycoa14ixvvp6ag5qafi1g", "date_added": "2022-08-18"}}, {"model": "carts.cart", "pk": 223, "fields": {"cart_id": "3h3h5oqekpyt138udin2pl0ccmtgzi8z", "date_added": "2022-08-18"}}, {"model": "carts.cart", "pk": 224, "fields": {"cart_id": "sxy3jbp0zmf2h2rzulobe2s5cbnzfu18", "date_added": "2022-08-18"}}, {"model": "carts.cart", "pk": 225, "fields": {"cart_id": "2mfcbj65yc5fr90sls7eoxtz2go9mojm", "date_added": "2022-08-18"}}, {"model": "carts.cart", "pk": 226, "fields": {"cart_id": "ivzsc2h72jvsrysw6lybjmbeglbv2fla", "date_added": "2022-08-18"}}, {"model": "carts.cart", "pk": 227, "fields": {"cart_id": "uebowcls0l988n40w17l0y53crlzhxsf", "date_added": "2022-08-18"}}, {"model": "carts.cart", "pk": 228, "fields": {"cart_id": "vrqyuzphiwehuo3o287mdcgkugx4a8rp", "date_added": "2022-08-19"}}, {"model": "carts.cart", "pk": 229, "fields": {"cart_id": "8nklrckn2hwwemd0h4md1fzxf9rmsb55", "date_added": "2022-08-19"}}, {"model": "carts.cart", "pk": 230, "fields": {"cart_id": "2gal1w9d2s90ebwrzq3istt8kckniwir", "date_added": "2022-08-19"}}, {"model": "carts.cart", "pk": 231, "fields": {"cart_id": "kwle7qwp644yfp81px4ruq2ygfx59xik", "date_added": "2022-08-21"}}, {"model": "carts.cart", "pk": 232, "fields": {"cart_id": "s67xiv2h2mi5msijb8qhk62zj6rml3m1", "date_added": "2022-08-21"}}, {"model": "carts.cart", "pk": 233, "fields": {"cart_id": "p61wdgi4ynkw04s7bu4nfvy8hl3dxvoc", "date_added": "2022-08-22"}}, {"model": "carts.cart", "pk": 234, "fields": {"cart_id": "cb8wd6mygo38e39ay1wlxqddbyty1okw", "date_added": "2022-08-22"}}, {"model": "carts.cart", "pk": 235, "fields": {"cart_id": "fxahex70lb7nlxm9ych85tm93hq6z0dy", "date_added": "2022-08-23"}}, {"model": "carts.cart", "pk": 236, "fields": {"cart_id": "bnknt0ujz40p39if59bynzsgdqe7o8wv", "date_added": "2022-08-23"}}, {"model": "carts.cart", "pk": 237, "fields": {"cart_id": "iyios6n5bdsyxd1ggusbgq0iujq1hn97", "date_added": "2022-08-23"}}, {"model": "carts.cart", "pk": 238, "fields": {"cart_id": "p9qzxw8uc62fknxf5qy7a166p58wdpjn", "date_added": "2022-08-23"}}, {"model": "carts.cart", "pk": 239, "fields": {"cart_id": "ujpojxj4t0fuo06c59p5kdzhl6uoul3m", "date_added": "2022-08-23"}}, {"model": "carts.cartitem", "pk": 49, "fields": {"user": null, "product": 43, "cart": 112, "quantity": 1, "is_active": true, "variation": [1, 3]}}, {"model": "carts.cartitem", "pk": 50, "fields": {"user": null, "product": 41, "cart": 112, "quantity": 1, "is_active": true, "variation": []}}, {"model": "carts.cartitem", "pk": 51, "fields": {"user": null, "product": 23, "cart": 114, "quantity": 1, "is_active": true, "variation": []}}, {"model": "carts.cartitem", "pk": 52, "fields": {"user": null, "product": 43, "cart": 114, "quantity": 1, "is_active": true, "variation": [1, 3]}}, {"model": "carts.cartitem", "pk": 54, "fields": {"user": null, "product": 43, "cart": 118, "quantity": 1, "is_active": true, "variation": [1, 3]}}, {"model": "carts.cartitem", "pk": 56, "fields": {"user": null, "product": 38, "cart": 118, "quantity": 1, "is_active": true, "variation": []}}, {"model": "carts.cartitem", "pk": 57, "fields": {"user": null, "product": 38, "cart": 120, "quantity": 1, "is_active": true, "variation": []}}, {"model": "carts.cartitem", "pk": 59, "fields": {"user": null, "product": 43, "cart": 120, "quantity": 1, "is_active": true, "variation": [1, 3]}}, {"model": "carts.cartitem", "pk": 60, "fields": {"user": null, "product": 38, "cart": 122, "quantity": 1, "is_active": true, "variation": []}}, {"model": "carts.cartitem", "pk": 61, "fields": {"user": null, "product": 43, "cart": 124, "quantity": 1, "is_active": true, "variation": [5, 6]}}, {"model": "carts.cartitem", "pk": 62, "fields": {"user": null, "product": 38, "cart": 124, "quantity": 1, "is_active": true, "variation": []}}, {"model": "carts.cartitem", "pk": 63, "fields": {"user": null, "product": 40, "cart": 124, "quantity": 1, "is_active": true, "variation": []}}, {"model": "carts.cartitem", "pk": 64, "fields": {"user": null, "product": 23, "cart": 126, "quantity": 1, "is_active": true, "variation": []}}, {"model": "carts.cartitem", "pk": 65, "fields": {"user": null, "product": 43, "cart": 126, "quantity": 1, "is_active": true, "variation": [2, 4]}}, {"model": "carts.cartitem", "pk": 66, "fields": {"user": null, "product": 43, "cart": 126, "quantity": 1, "is_active": true, "variation": [1, 3]}}, {"model": "carts.cartitem", "pk": 67, "fields": {"user": null, "product": 42, "cart": 126, "quantity": 1, "is_active": true, "variation": []}}, {"model": "carts.cartitem", "pk": 71, "fields": {"user": null, "product": 43, "cart": 128, "quantity": 1, "is_active": true, "variation": [1, 3]}}, {"model": "carts.cartitem", "pk": 82, "fields": {"user": null, "product": 43, "cart": 134, "quantity": 2, "is_active": true, "variation": [1, 3]}}, {"model": "carts.cartitem", "pk": 86, "fields": {"user": null, "product": 22, "cart": 135, "quantity": 1, "is_active": true, "variation": []}}, {"model": "carts.cartitem", "pk": 87, "fields": {"user": null, "product": 23, "cart": 135, "quantity": 1, "is_active": true, "variation": []}}, {"model": "carts.cartitem", "pk": 101, "fields": {"user": null, "product": 43, "cart": 138, "quantity": 2, "is_active": true, "variation": [1, 3]}}, {"model": "carts.cartitem", "pk": 108, "fields": {"user": null, "product": 23, "cart": 142, "quantity": 2, "is_active": true, "variation": []}}, {"model": "carts.cartitem", "pk": 110, "fields": {"user": null, "product": 37, "cart": 142, "quantity": 2, "is_active": true, "variation": []}}, {"model": "carts.cartitem", "pk": 116, "fields": {"user": null, "product": 49, "cart": 146, "quantity": 1, "is_active": true, "variation": []}}, {"model": "carts.cartitem", "pk": 118, "fields": {"user": null, "product": 49, "cart": 148, "quantity": 1, "is_active": true, "variation": []}}, {"model": "carts.cartitem", "pk": 119, "fields": {"user": null, "product": 43, "cart": 149, "quantity": 1, "is_active": true, "variation": [1, 3]}}, {"model": "carts.cartitem", "pk": 120, "fields": {"user": null, "product": 43, "cart": 149, "quantity": 1, "is_active": true, "variation": [2, 4]}}, {"model": "carts.cartitem", "pk": 121, "fields": {"user": null, "product": 43, "cart": 149, "quantity": 1, "is_active": true, "variation": [1, 3]}}, {"model": "carts.cartitem", "pk": 122, "fields": {"user": null, "product": 59, "cart": 149, "quantity": 1, "is_active": true, "variation": []}}, {"model": "carts.cartitem", "pk": 123, "fields": {"user": null, "product": 59, "cart": 149, "quantity": 1, "is_active": true, "variation": []}}, {"model": "carts.cartitem", "pk": 159, "fields": {"user": 26, "product": 54, "cart": null, "quantity": 1, "is_active": true, "variation": []}}, {"model": "carts.wishlist", "pk": 80, "fields": {"product": 27, "cart": 157, "is_active": true}}, {"model": "carts.wishlist", "pk": 85, "fields": {"product": 53, "cart": 169, "is_active": true}}, {"model": "carts.wishlist", "pk": 92, "fields": {"product": 58, "cart": 191, "is_active": true}}, {"model": "carts.wishlist", "pk": 99, "fields": {"product": 19, "cart": 215, "is_active": true}}, {"model": "carts.wishlist", "pk": 102, "fields": {"product": 56, "cart": 226, "is_active": true}}, {"model": "orders.payment", "pk": 1, "fields": {"user": 23, "payment_id": "8KB65335RB8880923", "payment_method": "paypal", "ammount_paid": "2400.0", "status": "COMPLETED", "created_at": "2022-07-28T13:33:14.688Z"}}, {"model": "orders.payment", "pk": 2, "fields": {"user": 23, "payment_id": "3B310358PA419954F", "payment_method": "paypal", "ammount_paid": "2400.0", "status": "COMPLETED", "created_at": "2022-07-28T14:36:21.524Z"}}, {"model": "orders.payment", "pk": 3, "fields": {"user": 23, "payment_id": "6T641735RH954512B", "payment_method": "paypal", "ammount_paid": "2400.0", "status": "COMPLETED", "created_at": "2022-07-28T14:39:32.403Z"}}, {"model": "orders.payment", "pk": 4, "fields": {"user": 23, "payment_id": "5JH51600J9519740V", "payment_method": "paypal", "ammount_paid": "2400.0", "status": "COMPLETED", "created_at": "2022-07-28T14:41:33.072Z"}}, {"model": "orders.payment", "pk": 5, "fields": {"user": 23, "payment_id": "8LB06152AL743654J", "payment_method": "paypal", "ammount_paid": "2400.0", "status": "COMPLETED", "created_at": "2022-07-28T14:55:54.899Z"}}, {"model": "orders.payment", "pk": 6, "fields": {"user": 23, "payment_id": "9L380276E2851062P", "payment_method": "paypal", "ammount_paid": "2400.0", "status": "COMPLETED", "created_at": "2022-07-28T14:57:47.464Z"}}, {"model": "orders.payment", "pk": 7, "fields": {"user": 23, "payment_id": "8MN066074G347623K", "payment_method": "paypal", "ammount_paid": "2400.0", "status": "COMPLETED", "created_at": "2022-07-28T14:59:45.954Z"}}, {"model": "orders.payment", "pk": 8, "fields": {"user": 23, "payment_id": "0XA064867F259312S", "payment_method": "paypal", "ammount_paid": "3069.0", "status": "COMPLETED", "created_at": "2022-07-28T17:11:47.618Z"}}, {"model": "orders.payment", "pk": 9, "fields": {"user": 23, "payment_id": "6CV87492ES6585346", "payment_method": "paypal", "ammount_paid": "3069.0", "status": "COMPLETED", "created_at": "2022-07-28T17:18:00.613Z"}}, {"model": "orders.payment", "pk": 10, "fields": {"user": 23, "payment_id": "0RN36594A1335950T", "payment_method": "paypal", "ammount_paid": "3069.0", "status": "COMPLETED", "created_at": "2022-07-28T17:20:58.299Z"}}, {"model": "orders.payment", "pk": 11, "fields": {"user": 23, "payment_id": "67E17855T3289150C", "payment_method": "paypal", "ammount_paid": "3069.0", "status": "COMPLETED", "created_at": "2022-07-28T18:02:18.295Z"}}, {"model": "orders.payment", "pk": 12, "fields": {"user": 23, "payment_id": "23708526NL473603Y", "payment_method": "paypal", "ammount_paid": "1862.0", "status": "COMPLETED", "created_at": "2022-07-28T18:08:37.831Z"}}, {"model": "orders.payment", "pk": 13, "fields": {"user": 23, "payment_id": "9A842259HR7141046", "payment_method": "paypal", "ammount_paid": "1768.0", "status": "COMPLETED", "created_at": "2022-07-29T17:42:34.418Z"}}, {"model": "orders.payment", "pk": 14, "fields": {"user": 23, "payment_id": "6R655804FN5998040", "payment_method": "paypal", "ammount_paid": "1338.0", "status": "COMPLETED", "created_at": "2022-07-30T10:10:52.508Z"}}, {"model": "orders.payment", "pk": 15, "fields": {"user": 23, "payment_id": "1EN75121G60766300", "payment_method": "paypal", "ammount_paid": "1404.0", "status": "COMPLETED", "created_at": "2022-07-30T10:13:51.540Z"}}, {"model": "orders.payment", "pk": 16, "fields": {"user": 23, "payment_id": "8VA42763LP3308402", "payment_method": "paypal", "ammount_paid": "5869.0", "status": "COMPLETED", "created_at": "2022-07-30T10:19:53.313Z"}}, {"model": "orders.payment", "pk": 17, "fields": {"user": 23, "payment_id": "1JE123658R604025P", "payment_method": "paypal", "ammount_paid": "669.0", "status": "COMPLETED", "created_at": "2022-08-01T20:58:38.201Z"}}, {"model": "orders.payment", "pk": 18, "fields": {"user": 23, "payment_id": "22143111MP7680330", "payment_method": "paypal", "ammount_paid": "1413.0", "status": "COMPLETED", "created_at": "2022-08-11T17:13:58.730Z"}}, {"model": "orders.payment", "pk": 19, "fields": {"user": 23, "payment_id": "59E62864DS296740K", "payment_method": "paypal", "ammount_paid": "708.0", "status": "COMPLETED", "created_at": "2022-08-11T17:57:22.144Z"}}, {"model": "orders.payment", "pk": 20, "fields": {"user": 23, "payment_id": "6CX77432XX240084W", "payment_method": "paypal", "ammount_paid": "942.0", "status": "COMPLETED", "created_at": "2022-08-11T18:02:42.166Z"}}, {"model": "orders.payment", "pk": 21, "fields": {"user": 26, "payment_id": "4A273480TW6142316", "payment_method": "paypal", "ammount_paid": "2237.0", "status": "COMPLETED", "created_at": "2022-08-11T18:48:25.007Z"}}, {"model": "orders.payment", "pk": 22, "fields": {"user": 23, "payment_id": "6KG338691H7627254", "payment_method": "paypal", "ammount_paid": "706.0", "status": "COMPLETED", "created_at": "2022-08-15T12:22:21.302Z"}}, {"model": "orders.payment", "pk": 23, "fields": {"user": 23, "payment_id": "4NN13996GE727705X", "payment_method": "paypal", "ammount_paid": "407.0", "status": "COMPLETED", "created_at": "2022-08-15T12:27:06.399Z"}}, {"model": "orders.payment", "pk": 24, "fields": {"user": 23, "payment_id": "17200440LU903260G", "payment_method": "paypal", "ammount_paid": "5898.0", "status": "COMPLETED", "created_at": "2022-08-23T11:56:34.537Z"}}, {"model": "orders.order", "pk": 189, "fields": {"user": 23, "payment": null, "order_number": "20220728189", "first_name": "Aadil", "last_name": "Ansari", "phone_number": "07903137553", "email": "ansariaadil611@gmail.com", "address_line_1": "kim chokdi,firdosh shopping", "address_line_2": "", "country": "india", "state": "gujrat", "city": "surat", "pincode": "274403", "order_note": "", "order_total": 2400.0, "tax": 366.0, "status": "New", "ip": "127.0.0.1", "is_ordered": false, "created_at": "2022-07-28T16:46:31.147Z", "updated_at": "2022-07-28T16:46:31.154Z"}}, {"model": "orders.order", "pk": 190, "fields": {"user": 23, "payment": null, "order_number": "20220728190", "first_name": "Aadil", "last_name": "Ansari", "phone_number": "07903137553", "email": "ansariaadil611@gmail.com", "address_line_1": "kim chokdi,firdosh shopping", "address_line_2": "", "country": "india", "state": "gujrat", "city": "surat", "pincode": "274403", "order_note": "", "order_total": 2400.0, "tax": 366.0, "status": "New", "ip": "127.0.0.1", "is_ordered": false, "created_at": "2022-07-28T16:47:14.242Z", "updated_at": "2022-07-28T16:47:14.249Z"}}, {"model": "orders.order", "pk": 192, "fields": {"user": 23, "payment": null, "order_number": "20220728192", "first_name": "Aadil", "last_name": "Ansari", "phone_number": "+917781865348", "email": "ansariaadil611@gmail.com", "address_line_1": "kim chokdi,firdosh shopping", "address_line_2": "", "country": "india", "state": "gujraat", "city": "surat", "pincode": "841437", "order_note": "", "order_total": 3069.0, "tax": 468.0, "status": "New", "ip": "127.0.0.1", "is_ordered": false, "created_at": "2022-07-28T17:59:26.351Z", "updated_at": "2022-07-28T17:59:26.357Z"}}, {"model": "orders.order", "pk": 193, "fields": {"user": 23, "payment": 11, "order_number": "20220728193", "first_name": "Aadil", "last_name": "Ansari", "phone_number": "+917781865348", "email": "ansariaadil611@gmail.com", "address_line_1": "kim chokdi,firdosh shopping", "address_line_2": "", "country": "india", "state": "gujraat", "city": "surat", "pincode": "841437", "order_note": "", "order_total": 3069.0, "tax": 468.0, "status": "New", "ip": "127.0.0.1", "is_ordered": true, "created_at": "2022-07-28T18:01:39.213Z", "updated_at": "2022-07-28T18:02:18.305Z"}}, {"model": "orders.order", "pk": 194, "fields": {"user": 23, "payment": 12, "order_number": "20220728194", "first_name": "Aadil", "last_name": "Ansari", "phone_number": "+917781865348", "email": "ansariaadil611@gmail.com", "address_line_1": "firdosh shopping", "address_line_2": "", "country": "india", "state": "gujrat", "city": "surat", "pincode": "841437", "order_note": "", "order_total": 1862.0, "tax": 284.0, "status": "New", "ip": "127.0.0.1", "is_ordered": true, "created_at": "2022-07-28T18:07:33.811Z", "updated_at": "2022-07-28T18:08:37.838Z"}}, {"model": "orders.order", "pk": 195, "fields": {"user": 23, "payment": null, "order_number": "20220729195", "first_name": "Aadil", "last_name": "Ansari", "phone_number": "+917781865348", "email": "ansariaadil611@gmail.com", "address_line_1": "firdosh shopping center", "address_line_2": "", "country": "india", "state": "gujraat", "city": "surat", "pincode": "841437", "order_note": "", "order_total": 1768.0, "tax": 269.0, "status": "New", "ip": "127.0.0.1", "is_ordered": false, "created_at": "2022-07-29T17:35:57.998Z", "updated_at": "2022-07-29T17:35:58.004Z"}}, {"model": "orders.order", "pk": 196, "fields": {"user": 23, "payment": null, "order_number": "20220729196", "first_name": "Aadil", "last_name": "Ansari", "phone_number": "+917781865348", "email": "ansariaadil611@gmail.com", "address_line_1": "firdosh shopping center", "address_line_2": "", "country": "india", "state": "gujraat", "city": "surat", "pincode": "841437", "order_note": "", "order_total": 1768.0, "tax": 269.0, "status": "New", "ip": "127.0.0.1", "is_ordered": false, "created_at": "2022-07-29T17:37:35.614Z", "updated_at": "2022-07-29T17:37:35.620Z"}}, {"model": "orders.order", "pk": 197, "fields": {"user": 23, "payment": null, "order_number": "20220729197", "first_name": "Aadil", "last_name": "Ansari", "phone_number": "+917781865348", "email": "ansariaadil611@gmail.com", "address_line_1": "firdosh shopping center", "address_line_2": "", "country": "india", "state": "gujraat", "city": "surat", "pincode": "841437", "order_note": "", "order_total": 1768.0, "tax": 269.0, "status": "New", "ip": "127.0.0.1", "is_ordered": false, "created_at": "2022-07-29T17:38:13.583Z", "updated_at": "2022-07-29T17:38:13.590Z"}}, {"model": "orders.order", "pk": 198, "fields": {"user": 23, "payment": null, "order_number": "20220729198", "first_name": "Aadil", "last_name": "Ansari", "phone_number": "+917781865348", "email": "ansariaadil611@gmail.com", "address_line_1": "firdosh shopping center", "address_line_2": "", "country": "india", "state": "gujraat", "city": "surat", "pincode": "841437", "order_note": "", "order_total": 1768.0, "tax": 269.0, "status": "New", "ip": "127.0.0.1", "is_ordered": false, "created_at": "2022-07-29T17:38:46.956Z", "updated_at": "2022-07-29T17:38:46.964Z"}}, {"model": "orders.order", "pk": 199, "fields": {"user": 23, "payment": null, "order_number": "20220729199", "first_name": "Aadil", "last_name": "Ansari", "phone_number": "+917781865348", "email": "ansariaadil611@gmail.com", "address_line_1": "firdosh shopping center", "address_line_2": "", "country": "india", "state": "gujraat", "city": "surat", "pincode": "841437", "order_note": "", "order_total": 1768.0, "tax": 269.0, "status": "New", "ip": "127.0.0.1", "is_ordered": false, "created_at": "2022-07-29T17:39:00.278Z", "updated_at": "2022-07-29T17:39:00.319Z"}}, {"model": "orders.order", "pk": 200, "fields": {"user": 23, "payment": null, "order_number": "20220729200", "first_name": "Aadil", "last_name": "Ansari", "phone_number": "+917781865348", "email": "ansariaadil611@gmail.com", "address_line_1": "firdosh shopping center", "address_line_2": "", "country": "india", "state": "gujraat", "city": "surat", "pincode": "841437", "order_note": "", "order_total": 1768.0, "tax": 269.0, "status": "New", "ip": "127.0.0.1", "is_ordered": false, "created_at": "2022-07-29T17:39:52.976Z", "updated_at": "2022-07-29T17:39:52.983Z"}}, {"model": "orders.order", "pk": 201, "fields": {"user": 23, "payment": null, "order_number": "20220729201", "first_name": "Aadil", "last_name": "Ansari", "phone_number": "+917781865348", "email": "ansariaadil611@gmail.com", "address_line_1": "firdosh shopping center", "address_line_2": "", "country": "india", "state": "gujraat", "city": "surat", "pincode": "841437", "order_note": "", "order_total": 1768.0, "tax": 269.0, "status": "New", "ip": "127.0.0.1", "is_ordered": false, "created_at": "2022-07-29T17:40:26.402Z", "updated_at": "2022-07-29T17:40:26.409Z"}}, {"model": "orders.order", "pk": 202, "fields": {"user": 23, "payment": null, "order_number": "20220729202", "first_name": "Aadil", "last_name": "Ansari", "phone_number": "+917781865348", "email": "ansariaadil611@gmail.com", "address_line_1": "firdosh shopping center", "address_line_2": "", "country": "india", "state": "gujraat", "city": "surat", "pincode": "841437", "order_note": "", "order_total": 1768.0, "tax": 269.0, "status": "New", "ip": "127.0.0.1", "is_ordered": false, "created_at": "2022-07-29T17:41:04.842Z", "updated_at": "2022-07-29T17:41:04.849Z"}}, {"model": "orders.order", "pk": 203, "fields": {"user": 23, "payment": null, "order_number": "20220729203", "first_name": "Aadil", "last_name": "Ansari", "phone_number": "+917781865348", "email": "ansariaadil611@gmail.com", "address_line_1": "firdosh shopping center", "address_line_2": "", "country": "india", "state": "gujraat", "city": "surat", "pincode": "841437", "order_note": "", "order_total": 1768.0, "tax": 269.0, "status": "New", "ip": "127.0.0.1", "is_ordered": false, "created_at": "2022-07-29T17:41:29.518Z", "updated_at": "2022-07-29T17:41:29.526Z"}}, {"model": "orders.order", "pk": 204, "fields": {"user": 23, "payment": null, "order_number": "20220729204", "first_name": "Aadil", "last_name": "Ansari", "phone_number": "+917781865348", "email": "ansariaadil611@gmail.com", "address_line_1": "firdosh shopping center", "address_line_2": "", "country": "india", "state": "gujraat", "city": "surat", "pincode": "841437", "order_note": "", "order_total": 1768.0, "tax": 269.0, "status": "New", "ip": "127.0.0.1", "is_ordered": false, "created_at": "2022-07-29T17:41:47.840Z", "updated_at": "2022-07-29T17:41:47.847Z"}}, {"model": "orders.order", "pk": 205, "fields": {"user": 23, "payment": 13, "order_number": "20220729205", "first_name": "Aadil", "last_name": "Ansari", "phone_number": "+917781865348", "email": "ansariaadil611@gmail.com", "address_line_1": "firdosh shopping center", "address_line_2": "", "country": "india", "state": "gujraat", "city": "surat", "pincode": "841437", "order_note": "", "order_total": 1768.0, "tax": 269.0, "status": "New", "ip": "127.0.0.1", "is_ordered": true, "created_at": "2022-07-29T17:42:14.982Z", "updated_at": "2022-07-29T17:42:34.426Z"}}, {"model": "orders.order", "pk": 206, "fields": {"user": 23, "payment": 14, "order_number": "20220730206", "first_name": "gkorigin", "last_name": "cs", "phone_number": "07487092669", "email": "techpivot786@gmail.com", "address_line_1": "firdosh shopping", "address_line_2": "", "country": "india", "state": "gujraat", "city": "surat", "pincode": "841437", "order_note": "", "order_total": 1338.0, "tax": 204.0, "status": "New", "ip": "127.0.0.1", "is_ordered": true, "created_at": "2022-07-30T10:10:24.144Z", "updated_at": "2022-07-30T10:10:52.514Z"}}, {"model": "orders.order", "pk": 207, "fields": {"user": 23, "payment": 15, "order_number": "20220730207", "first_name": "gkorigin", "last_name": "tep", "phone_number": "07487092669", "email": "techpivot786@gmail.com", "address_line_1": "kim chokdi", "address_line_2": "", "country": "india", "state": "gujrat", "city": "surat", "pincode": "841437", "order_note": "", "order_total": 1404.0, "tax": 214.0, "status": "New", "ip": "127.0.0.1", "is_ordered": true, "created_at": "2022-07-30T10:13:27.763Z", "updated_at": "2022-07-30T10:13:51.547Z"}}, {"model": "orders.order", "pk": 208, "fields": {"user": 23, "payment": 16, "order_number": "20220730208", "first_name": "sansa", "last_name": "stark", "phone_number": "07487092669", "email": "techpivot786@gmail.com", "address_line_1": "kim", "address_line_2": "", "country": "india", "state": "gujrat", "city": "surat", "pincode": "841437", "order_note": "", "order_total": 5869.0, "tax": 895.0, "status": "New", "ip": "127.0.0.1", "is_ordered": true, "created_at": "2022-07-30T10:19:25.563Z", "updated_at": "2022-07-30T10:19:53.323Z"}}, {"model": "orders.order", "pk": 209, "fields": {"user": 23, "payment": 17, "order_number": "20220801209", "first_name": "Dwane", "last_name": "johnson", "phone_number": "+917781865348", "email": "tutorialsorigin611@gmail.com", "address_line_1": "kim chokdi", "address_line_2": "", "country": "india", "state": "gujraat", "city": "surat", "pincode": "841437", "order_note": "", "order_total": 669.0, "tax": 102.0, "status": "New", "ip": "127.0.0.1", "is_ordered": true, "created_at": "2022-08-01T20:57:45.648Z", "updated_at": "2022-08-01T20:58:38.259Z"}}, {"model": "orders.order", "pk": 210, "fields": {"user": 23, "payment": null, "order_number": "20220803210", "first_name": "Aadil", "last_name": "Ansari", "phone_number": "+917781865348", "email": "ansariaadil611@gmail.com", "address_line_1": "kim", "address_line_2": "", "country": "india", "state": "gujrat", "city": "surat", "pincode": "841437", "order_note": "", "order_total": 761.0, "tax": 116.0, "status": "New", "ip": "127.0.0.1", "is_ordered": false, "created_at": "2022-08-03T17:21:09.979Z", "updated_at": "2022-08-03T17:21:09.985Z"}}, {"model": "orders.order", "pk": 211, "fields": {"user": 23, "payment": 18, "order_number": "20220811211", "first_name": "allen", "last_name": "keller", "phone_number": "+917781865348", "email": "ansariaadil611@gmail.com", "address_line_1": "kim chokdi", "address_line_2": "", "country": "india", "state": "gujrat", "city": "surat", "pincode": "841437", "order_note": "", "order_total": 1413.0, "tax": 215.0, "status": "New", "ip": "127.0.0.1", "is_ordered": true, "created_at": "2022-08-11T17:13:07.519Z", "updated_at": "2022-08-11T17:13:58.737Z"}}, {"model": "orders.order", "pk": 212, "fields": {"user": 23, "payment": 19, "order_number": "20220811212", "first_name": "Aadil", "last_name": "Ansari", "phone_number": "+917781865348", "email": "ansariaadil611@gmail.com", "address_line_1": "sdffgsdfsd", "address_line_2": "", "country": "dfgdfsgsdf", "state": "gfdgdfs gdf", "city": "g dfsg", "pincode": "841437", "order_note": "", "order_total": 708.0, "tax": 108.0, "status": "New", "ip": "127.0.0.1", "is_ordered": true, "created_at": "2022-08-11T17:56:48.661Z", "updated_at": "2022-08-11T17:57:22.152Z"}}, {"model": "orders.order", "pk": 213, "fields": {"user": 23, "payment": 20, "order_number": "20220811213", "first_name": "Aadil", "last_name": "Ansari", "phone_number": "+917781865348", "email": "ansariaadil611@gmail.com", "address_line_1": "tmp", "address_line_2": "", "country": "tmp", "state": "tmp", "city": "tmp", "pincode": "841437", "order_note": "", "order_total": 942.0, "tax": 143.0, "status": "New", "ip": "127.0.0.1", "is_ordered": true, "created_at": "2022-08-11T18:02:17.118Z", "updated_at": "2022-08-11T18:02:42.173Z"}}, {"model": "orders.order", "pk": 214, "fields": {"user": 26, "payment": 21, "order_number": "20220811214", "first_name": "Govinda", "last_name": "kumar", "phone_number": "9102816927", "email": "gk45464@gmail.com", "address_line_1": "Tetariya Bhikharam", "address_line_2": "", "country": "india", "state": "bihar", "city": "gopalganj", "pincode": "841437", "order_note": "", "order_total": 2237.0, "tax": 341.0, "status": "New", "ip": "127.0.0.1", "is_ordered": true, "created_at": "2022-08-11T18:47:55.023Z", "updated_at": "2022-08-11T18:48:25.015Z"}}, {"model": "orders.order", "pk": 215, "fields": {"user": 26, "payment": null, "order_number": "20220811215", "first_name": "govinda", "last_name": "kumar", "phone_number": "lfdsfsf", "email": "gk4535@gmail.com", "address_line_1": "sdfasd", "address_line_2": "", "country": "fdsfsad", "state": "fsdfasd", "city": "fsdfasd", "pincode": "sdfsdf", "order_note": "", "order_total": 669.0, "tax": 102.0, "status": "New", "ip": "127.0.0.1", "is_ordered": false, "created_at": "2022-08-11T18:52:27.479Z", "updated_at": "2022-08-11T18:52:27.485Z"}}, {"model": "orders.order", "pk": 216, "fields": {"user": 23, "payment": null, "order_number": "20220815216", "first_name": "Aadil", "last_name": "Ansari", "phone_number": "+917781865348", "email": "ansariaadil611@gmail.com", "address_line_1": "kim", "address_line_2": "", "country": "india", "state": "gujrat", "city": "surat", "pincode": "841437", "order_note": "", "order_total": 942.0, "tax": 143.0, "status": "New", "ip": "127.0.0.1", "is_ordered": false, "created_at": "2022-08-15T09:56:03.989Z", "updated_at": "2022-08-15T09:56:04.016Z"}}, {"model": "orders.order", "pk": 217, "fields": {"user": 23, "payment": null, "order_number": "20220815217", "first_name": "Aadil", "last_name": "Ansari", "phone_number": "+917781865348", "email": "ansariaadil611@gmail.com", "address_line_1": "kim", "address_line_2": "", "country": "india", "state": "gujrat", "city": "surat", "pincode": "841437", "order_note": "", "order_total": 942.0, "tax": 143.0, "status": "New", "ip": "127.0.0.1", "is_ordered": false, "created_at": "2022-08-15T09:57:32.310Z", "updated_at": "2022-08-15T09:57:32.316Z"}}, {"model": "orders.order", "pk": 218, "fields": {"user": 23, "payment": 22, "order_number": "20220815218", "first_name": "joe", "last_name": "trib", "phone_number": "8778967979", "email": "tutorialsorigin611@gmail.com", "address_line_1": "panchdewri", "address_line_2": "", "country": "india", "state": "bihar", "city": "gopalganj", "pincode": "841437", "order_note": "", "order_total": 706.0, "tax": 107.0, "status": "New", "ip": "127.0.0.1", "is_ordered": true, "created_at": "2022-08-15T12:21:49.526Z", "updated_at": "2022-08-15T12:22:21.310Z"}}, {"model": "orders.order", "pk": 219, "fields": {"user": 23, "payment": 23, "order_number": "20220815219", "first_name": "Aadil", "last_name": "Ansari", "phone_number": "+917781865348", "email": "ansariaadil611@gmail.com", "address_line_1": "kim", "address_line_2": "", "country": "india", "state": "gujrat", "city": "surat", "pincode": "841437", "order_note": "", "order_total": 407.0, "tax": 62.0, "status": "New", "ip": "127.0.0.1", "is_ordered": true, "created_at": "2022-08-15T12:26:47.185Z", "updated_at": "2022-08-15T12:27:06.407Z"}}, {"model": "orders.order", "pk": 220, "fields": {"user": 23, "payment": 24, "order_number": "20220823220", "first_name": "Aadil", "last_name": "Ansari", "phone_number": "+917781865348", "email": "ansariaadil611@gmail.com", "address_line_1": "kim", "address_line_2": "", "country": "india", "state": "gujrat", "city": "surat", "pincode": "841437", "order_note": "", "order_total": 5898.0, "tax": 899.0, "status": "New", "ip": "127.0.0.1", "is_ordered": true, "created_at": "2022-08-23T11:56:01.118Z", "updated_at": "2022-08-23T11:56:34.545Z"}}, {"model": "orders.orderproduct", "pk": 13, "fields": {"order": 193, "payment": 11, "user": 23, "product": 38, "quantity": 1, "product_price": 678.0, "ordered": true, "created_at": "2022-07-28T18:02:18.319Z", "updated_at": "2022-07-28T18:02:18.332Z", "variation": []}}, {"model": "orders.orderproduct", "pk": 14, "fields": {"order": 193, "payment": 11, "user": 23, "product": 43, "quantity": 1, "product_price": 789.0, "ordered": true, "created_at": "2022-07-28T18:02:18.352Z", "updated_at": "2022-07-28T18:02:18.371Z", "variation": [1, 4]}}, {"model": "orders.orderproduct", "pk": 15, "fields": {"order": 193, "payment": 11, "user": 23, "product": 43, "quantity": 1, "product_price": 789.0, "ordered": true, "created_at": "2022-07-28T18:02:18.392Z", "updated_at": "2022-07-28T18:02:18.408Z", "variation": [4, 6]}}, {"model": "orders.orderproduct", "pk": 16, "fields": {"order": 193, "payment": 11, "user": 23, "product": 53, "quantity": 1, "product_price": 345.0, "ordered": true, "created_at": "2022-07-28T18:02:18.426Z", "updated_at": "2022-07-28T18:02:18.439Z", "variation": []}}, {"model": "orders.orderproduct", "pk": 17, "fields": {"order": 194, "payment": 12, "user": 23, "product": 43, "quantity": 1, "product_price": 789.0, "ordered": true, "created_at": "2022-07-28T18:08:37.852Z", "updated_at": "2022-07-28T18:08:37.877Z", "variation": [1, 3]}}, {"model": "orders.orderproduct", "pk": 18, "fields": {"order": 194, "payment": 12, "user": 23, "product": 43, "quantity": 1, "product_price": 789.0, "ordered": true, "created_at": "2022-07-28T18:08:37.896Z", "updated_at": "2022-07-28T18:08:37.917Z", "variation": [2, 4]}}, {"model": "orders.orderproduct", "pk": 19, "fields": {"order": 205, "payment": 13, "user": 23, "product": 27, "quantity": 1, "product_price": 1499.0, "ordered": true, "created_at": "2022-07-29T17:42:34.444Z", "updated_at": "2022-07-29T17:42:34.471Z", "variation": []}}, {"model": "orders.orderproduct", "pk": 20, "fields": {"order": 206, "payment": 14, "user": 23, "product": 54, "quantity": 2, "product_price": 567.0, "ordered": true, "created_at": "2022-07-30T10:10:52.526Z", "updated_at": "2022-07-30T10:10:52.545Z", "variation": []}}, {"model": "orders.orderproduct", "pk": 21, "fields": {"order": 207, "payment": 15, "user": 23, "product": 53, "quantity": 2, "product_price": 345.0, "ordered": true, "created_at": "2022-07-30T10:13:51.558Z", "updated_at": "2022-07-30T10:13:51.569Z", "variation": []}}, {"model": "orders.orderproduct", "pk": 22, "fields": {"order": 207, "payment": 15, "user": 23, "product": 50, "quantity": 1, "product_price": 500.0, "ordered": true, "created_at": "2022-07-30T10:13:51.587Z", "updated_at": "2022-07-30T10:13:51.597Z", "variation": []}}, {"model": "orders.orderproduct", "pk": 23, "fields": {"order": 208, "payment": 16, "user": 23, "product": 13, "quantity": 1, "product_price": 650.0, "ordered": true, "created_at": "2022-07-30T10:19:53.347Z", "updated_at": "2022-07-30T10:19:53.371Z", "variation": []}}, {"model": "orders.orderproduct", "pk": 24, "fields": {"order": 208, "payment": 16, "user": 23, "product": 14, "quantity": 1, "product_price": 596.0, "ordered": true, "created_at": "2022-07-30T10:19:53.405Z", "updated_at": "2022-07-30T10:19:53.415Z", "variation": []}}, {"model": "orders.orderproduct", "pk": 25, "fields": {"order": 208, "payment": 16, "user": 23, "product": 18, "quantity": 1, "product_price": 696.0, "ordered": true, "created_at": "2022-07-30T10:19:53.436Z", "updated_at": "2022-07-30T10:19:53.452Z", "variation": []}}, {"model": "orders.orderproduct", "pk": 26, "fields": {"order": 208, "payment": 16, "user": 23, "product": 22, "quantity": 1, "product_price": 499.0, "ordered": true, "created_at": "2022-07-30T10:19:53.473Z", "updated_at": "2022-07-30T10:19:53.483Z", "variation": []}}, {"model": "orders.orderproduct", "pk": 27, "fields": {"order": 208, "payment": 16, "user": 23, "product": 21, "quantity": 1, "product_price": 598.0, "ordered": true, "created_at": "2022-07-30T10:19:53.502Z", "updated_at": "2022-07-30T10:19:53.513Z", "variation": []}}, {"model": "orders.orderproduct", "pk": 28, "fields": {"order": 208, "payment": 16, "user": 23, "product": 24, "quantity": 1, "product_price": 488.0, "ordered": true, "created_at": "2022-07-30T10:19:53.532Z", "updated_at": "2022-07-30T10:19:53.542Z", "variation": []}}, {"model": "orders.orderproduct", "pk": 29, "fields": {"order": 208, "payment": 16, "user": 23, "product": 26, "quantity": 2, "product_price": 440.0, "ordered": true, "created_at": "2022-07-30T10:19:53.560Z", "updated_at": "2022-07-30T10:19:53.571Z", "variation": []}}, {"model": "orders.orderproduct", "pk": 30, "fields": {"order": 208, "payment": 16, "user": 23, "product": 45, "quantity": 1, "product_price": 567.0, "ordered": true, "created_at": "2022-07-30T10:19:53.590Z", "updated_at": "2022-07-30T10:19:53.600Z", "variation": []}}, {"model": "orders.orderproduct", "pk": 31, "fields": {"order": 209, "payment": 17, "user": 23, "product": 45, "quantity": 1, "product_price": 567.0, "ordered": true, "created_at": "2022-08-01T20:58:38.287Z", "updated_at": "2022-08-01T20:58:38.328Z", "variation": []}}, {"model": "orders.orderproduct", "pk": 32, "fields": {"order": 211, "payment": 18, "user": 23, "product": 58, "quantity": 2, "product_price": 599.0, "ordered": true, "created_at": "2022-08-11T17:13:58.747Z", "updated_at": "2022-08-11T17:13:58.759Z", "variation": []}}, {"model": "orders.orderproduct", "pk": 33, "fields": {"order": 212, "payment": 19, "user": 23, "product": 49, "quantity": 1, "product_price": 600.0, "ordered": true, "created_at": "2022-08-11T17:57:22.170Z", "updated_at": "2022-08-11T17:57:22.186Z", "variation": []}}, {"model": "orders.orderproduct", "pk": 34, "fields": {"order": 213, "payment": 20, "user": 23, "product": 10, "quantity": 1, "product_price": 799.0, "ordered": true, "created_at": "2022-08-11T18:02:42.188Z", "updated_at": "2022-08-11T18:02:42.203Z", "variation": []}}, {"model": "orders.orderproduct", "pk": 35, "fields": {"order": 214, "payment": 21, "user": 26, "product": 13, "quantity": 2, "product_price": 650.0, "ordered": true, "created_at": "2022-08-11T18:48:25.025Z", "updated_at": "2022-08-11T18:48:25.037Z", "variation": []}}, {"model": "orders.orderproduct", "pk": 36, "fields": {"order": 214, "payment": 21, "user": 26, "product": 14, "quantity": 1, "product_price": 596.0, "ordered": true, "created_at": "2022-08-11T18:48:25.056Z", "updated_at": "2022-08-11T18:48:25.066Z", "variation": []}}, {"model": "orders.orderproduct", "pk": 37, "fields": {"order": 218, "payment": 22, "user": 23, "product": 33, "quantity": 1, "product_price": 599.0, "ordered": true, "created_at": "2022-08-15T12:22:21.322Z", "updated_at": "2022-08-15T12:22:21.336Z", "variation": []}}, {"model": "orders.orderproduct", "pk": 38, "fields": {"order": 219, "payment": 23, "user": 23, "product": 53, "quantity": 1, "product_price": 345.0, "ordered": true, "created_at": "2022-08-15T12:27:06.420Z", "updated_at": "2022-08-15T12:27:06.430Z", "variation": []}}, {"model": "orders.orderproduct", "pk": 39, "fields": {"order": 220, "payment": 24, "user": 23, "product": 56, "quantity": 1, "product_price": 4999.0, "ordered": true, "created_at": "2022-08-23T11:56:34.556Z", "updated_at": "2022-08-23T11:56:34.567Z", "variation": []}}, {"model": "django_celery_results.taskresult", "pk": 1, "fields": {"task_id": "c51dd4c6-27c4-492f-8681-b44adda69f4a", "periodic_task_name": null, "task_name": null, "task_args": null, "task_kwargs": null, "status": "FAILURE", "worker": null, "content_type": "application/json", "content_encoding": "utf-8", "result": "{\"exc_type\": \"NotRegistered\", \"exc_message\": [\"cel_app.tasks.test_func\"], \"exc_module\": \"celery.exceptions\"}", "date_created": "2022-08-15T09:32:17.918Z", "date_done": "2022-08-15T09:32:17.918Z", "traceback": null, "meta": "{\"children\": []}"}}, {"model": "django_celery_results.taskresult", "pk": 2, "fields": {"task_id": "9d7bf2a2-37e4-4177-acb6-ec0f0eac3a54", "periodic_task_name": null, "task_name": null, "task_args": null, "task_kwargs": null, "status": "SUCCESS", "worker": null, "content_type": "application/json", "content_encoding": "utf-8", "result": "null", "date_created": "2022-08-15T09:40:09.191Z", "date_done": "2022-08-15T09:40:09.191Z", "traceback": null, "meta": "{\"children\": []}"}}, {"model": "django_celery_results.taskresult", "pk": 3, "fields": {"task_id": "c5b019ba-d6c9-4c9b-bad5-72c4ab8a2f01", "periodic_task_name": null, "task_name": null, "task_args": null, "task_kwargs": null, "status": "SUCCESS", "worker": null, "content_type": "application/json", "content_encoding": "utf-8", "result": "null", "date_created": "2022-08-15T12:27:10.162Z", "date_done": "2022-08-15T12:27:10.162Z", "traceback": null, "meta": "{\"children\": []}"}}, {"model": "django_celery_results.taskresult", "pk": 4, "fields": {"task_id": "9d4fb5ed-cb6f-497f-9124-b3bdafcaed0c", "periodic_task_name": null, "task_name": null, "task_args": null, "task_kwargs": null, "status": "SUCCESS", "worker": null, "content_type": "application/json", "content_encoding": "utf-8", "result": "null", "date_created": "2022-08-23T15:47:26.327Z", "date_done": "2022-08-23T15:47:26.327Z", "traceback": null, "meta": "{\"children\": []}"}}]